row,check_number,session_start
0,6729,08:42:00
1,6982,15:30:00
2,8219,14:15:00
3,6116,15:00:00
4,7707,08:42:00
5,1032,21:00:00
6,9219,21:00:00
7,183,22:30:00
8,6775,06:00:00
9,7098,06:00:00
10,4923,21:00:00
11,1222,15:30:00
12,4997,21:00:00
13,2678,08:42:00
14,1592,07:00:00
15,819,21:00:00
16,6079,22:30:00
17,3944,22:30:00
18,2409,06:15:00
19,6916,21:00:00
20,3369,08:42:00
21,2798,23:42:00
22,3649,07:30:00
23,2851,23:42:00
24,5530,08:42:00
25,9069,23:42:00
26,9312,15:30:00
27,2922,07:00:00
28,6942,22:30:00
29,972,21:00:00
30,4757,23:42:00
31,5009,14:00:00
32,2674,22:30:00
33,1987,07:30:00
34,7989,23:42:00
35,2647,15:00:00
36,4501,14:15:00
37,3145,23:42:00
38,9122,21:00:00
39,7286,22:15:00
40,292,14:15:00
41,3551,07:30:00
42,4145,23:42:00
43,1783,08:42:00
44,2685,15:30:00
45,9902,15:30:00
46,5694,15:34:00
47,2936,14:15:00
48,1404,14:15:00
49,7165,06:00:00
50,9214,22:30:00
51,9470,21:00:00
52,7638,22:30:00
53,6368,06:00:00
54,9419,15:30:00
55,3275,08:42:00
56,4584,22:30:00
57,331,22:30:00
58,421,15:00:00
59,5873,15:34:00
60,9984,06:00:00
61,3230,08:42:00
62,3301,21:00:00
63,5618,21:00:00
64,2857,15:34:00
65,5669,15:34:00
66,4194,14:00:00
67,8749,06:00:00
68,4535,22:30:00
69,9992,14:00:00
70,1256,15:30:00
71,6946,22:30:00
72,8511,06:00:00
73,760,06:15:00
74,3064,22:30:00
75,9565,06:15:00
76,769,07:30:00
77,800,06:15:00
78,4646,08:42:00
79,1954,06:00:00
80,1402,23:42:00
81,9293,15:30:00
82,9881,15:00:00
83,8716,08:42:00
84,6573,21:00:00
85,226,07:00:00
86,7256,21:00:00
87,7507,22:15:00
88,8251,14:15:00
89,8662,22:15:00
90,2476,15:34:00
91,193,07:30:00
92,1810,06:00:00
93,7827,21:00:00
94,8614,14:15:00
95,445,21:00:00
96,1057,22:30:00
97,6743,08:42:00
98,1219,06:00:00
99,44,22:15:00
100,9858,14:00:00
101,4109,06:00:00
102,4933,14:15:00
103,2799,06:15:00
104,2912,14:00:00
105,8746,07:00:00
106,7174,15:00:00
107,4764,15:34:00
108,7739,15:00:00
109,4414,21:00:00
110,7247,15:30:00
111,9502,15:00:00
112,6409,21:00:00
113,8858,23:42:00
114,4257,14:15:00
115,5544,08:42:00
116,5644,15:00:00
117,4941,14:00:00
118,5317,06:00:00
119,7399,07:30:00
120,2724,06:15:00
121,2126,07:30:00
122,3677,07:30:00
123,5790,21:00:00
124,5824,15:00:00
125,7482,22:15:00
126,1998,23:42:00
127,9601,06:15:00
128,5452,22:15:00
129,9147,21:00:00
130,1176,08:42:00
131,7401,15:34:00
132,7007,07:30:00
133,1474,23:42:00
134,1066,22:15:00
135,8241,22:30:00
136,5912,15:34:00
137,816,06:15:00
138,5936,07:00:00
139,5886,14:00:00
140,1229,14:00:00
141,8912,22:15:00
142,2325,07:30:00
143,2613,14:00:00
144,262,22:30:00
145,7514,21:00:00
146,3479,22:30:00
147,8227,22:15:00
148,3685,06:15:00
149,4177,21:00:00
150,4647,15:00:00
151,2648,22:15:00
152,6618,06:15:00
153,3344,21:00:00
154,5662,15:30:00
155,6876,06:15:00
156,9603,22:30:00
157,7026,08:42:00
158,4915,14:00:00
159,7673,06:00:00
160,5032,14:00:00
161,3378,14:15:00
162,906,21:00:00
163,6670,15:30:00
164,8945,21:00:00
165,5812,14:00:00
166,4085,07:30:00
167,4027,15:00:00
168,8984,15:00:00
169,5424,06:00:00
170,3905,07:00:00
171,1110,22:15:00
172,2942,21:00:00
173,3786,07:30:00
174,3165,14:00:00
175,6151,06:00:00
176,9585,06:00:00
177,2834,22:30:00
178,7684,21:00:00
179,5328,22:15:00
180,6465,08:42:00
181,9850,23:42:00
182,4513,06:00:00
183,9091,06:15:00
184,566,07:30:00
185,4993,06:00:00
186,7420,06:15:00
187,6220,15:34:00
188,3182,14:00:00
189,1552,14:00:00
190,9094,22:15:00
191,2811,22:30:00
192,1762,21:00:00
193,3717,06:15:00
194,7596,22:15:00
195,1670,22:30:00
196,1618,22:15:00
197,1707,15:34:00
198,2000,07:00:00
199,6738,06:00:00
200,2299,06:00:00
201,9473,15:00:00
202,1745,14:00:00
203,4914,15:00:00
204,6335,21:00:00
205,7429,21:00:00
206,8269,22:15:00
207,7527,15:30:00
208,8811,07:30:00
209,978,21:00:00
210,483,22:15:00
211,4350,14:00:00
212,5053,06:00:00
213,7065,15:00:00
214,1554,21:00:00
215,9492,14:00:00
216,4197,08:42:00
217,4329,22:30:00
218,147,08:42:00
219,5906,08:42:00
220,8621,14:00:00
221,5233,15:30:00
222,6142,06:00:00
223,8950,14:00:00
224,321,15:34:00
225,5204,15:00:00
226,6331,06:15:00
227,8871,23:42:00
228,4508,15:34:00
229,3468,21:00:00
230,3897,07:00:00
231,4662,07:00:00
232,1235,22:30:00
233,6953,21:00:00
234,5992,21:00:00
235,6258,22:30:00
236,3306,08:42:00
237,3370,22:30:00
238,7231,23:42:00
239,6713,21:00:00
240,952,15:34:00
241,141,15:00:00
242,9410,15:34:00
243,2288,15:34:00
244,1843,07:00:00
245,7635,08:42:00
246,7656,15:00:00
247,2748,08:42:00
248,4875,15:30:00
249,6880,06:15:00
250,8295,15:00:00
251,1844,15:34:00
252,2788,06:00:00
253,7433,14:00:00
254,4899,22:15:00
255,6354,22:15:00
256,2372,14:15:00
257,4099,15:30:00
258,4043,06:00:00
259,5410,15:34:00
260,4887,06:00:00
261,762,07:00:00
262,2693,21:00:00
263,833,14:00:00
264,965,15:30:00
265,697,22:30:00
266,3189,15:30:00
267,8951,07:00:00
268,2004,15:34:00
269,993,21:00:00
270,7198,22:15:00
271,9227,08:42:00
272,9174,22:15:00
273,3550,14:00:00
274,6066,07:00:00
275,6270,21:00:00
276,5095,15:30:00
277,9318,06:15:00
278,8490,15:34:00
279,4621,14:00:00
280,4475,07:30:00
281,2366,06:00:00
282,9536,14:15:00
283,9966,07:00:00
284,3623,22:30:00
285,9531,22:15:00
286,7168,15:30:00
287,1121,23:42:00
288,8296,22:15:00
289,9672,21:00:00
290,4288,07:00:00
291,4860,06:00:00
292,6371,22:15:00
293,9638,06:15:00
294,9183,14:15:00
295,9937,14:00:00
296,1517,15:34:00
297,8835,21:00:00
298,6707,23:42:00
299,457,06:15:00
300,8483,21:00:00
301,7922,14:00:00
302,3871,21:00:00
303,8066,22:15:00
304,1879,21:00:00
305,3191,08:42:00
306,9420,22:30:00
307,3127,14:15:00
308,1009,22:15:00
309,6121,21:00:00
310,7223,06:15:00
311,2870,22:15:00
312,1847,23:42:00
313,6585,07:30:00
314,5956,22:15:00
315,6529,15:00:00
316,8659,14:15:00
317,6428,14:15:00
318,8812,23:42:00
319,6961,06:15:00
320,9442,14:00:00
321,702,06:15:00
322,7573,22:15:00
323,4553,07:00:00
324,1603,21:00:00
325,4349,06:00:00
326,672,14:15:00
327,9608,06:00:00
328,396,22:30:00
329,315,06:00:00
330,5664,14:00:00
331,1544,15:34:00
332,8501,23:42:00
333,2849,07:00:00
334,7851,15:34:00
335,1776,06:15:00
336,8771,07:30:00
337,7633,22:15:00
338,8600,23:42:00
339,9143,23:42:00
340,7770,23:42:00
341,7157,15:34:00
342,2095,22:15:00
343,9242,15:34:00
344,2853,21:00:00
345,1904,14:15:00
346,4698,15:34:00
347,1960,22:15:00
348,3261,21:00:00
349,7377,07:30:00
350,2576,21:00:00
351,7826,08:42:00
352,4725,21:00:00
353,9587,21:00:00
354,9734,07:00:00
355,4067,15:00:00
356,2380,22:15:00
357,5805,23:42:00
358,2194,21:00:00
359,2808,14:15:00
360,5382,15:34:00
361,4959,22:30:00
362,9798,21:00:00
363,1833,08:42:00
364,1186,22:30:00
365,8309,08:42:00
366,1116,08:42:00
367,3792,06:15:00
368,1738,15:34:00
369,7634,22:15:00
370,4128,15:34:00
371,504,08:42:00
372,2943,07:00:00
373,6441,08:42:00
374,7462,21:00:00
375,3485,23:42:00
376,4415,06:15:00
377,8973,21:00:00
378,6176,07:30:00
379,9387,14:15:00
380,6071,22:30:00
381,6975,06:15:00
382,2874,22:30:00
383,191,15:34:00
384,9539,21:00:00
385,3629,21:00:00
386,1264,22:15:00
387,2790,08:42:00
388,1373,07:30:00
389,623,14:15:00
390,3084,07:00:00
391,2636,07:00:00
392,5511,06:00:00
393,5205,14:15:00
394,316,07:30:00
395,9097,07:00:00
396,713,21:00:00
397,1866,14:15:00
398,302,22:15:00
399,521,15:30:00
400,9449,15:34:00
401,1646,15:00:00
402,1969,06:15:00
403,8742,15:34:00
404,9693,14:15:00
405,7130,15:30:00
406,7186,06:00:00
407,2149,23:42:00
408,2951,21:00:00
409,6820,23:42:00
410,208,21:00:00
411,5894,07:00:00
412,2157,15:30:00
413,8931,22:15:00
414,148,21:00:00
415,7290,22:15:00
416,7755,15:34:00
417,264,23:42:00
418,6216,15:34:00
419,6899,22:15:00
420,989,21:00:00
421,7917,22:30:00
422,166,15:34:00
423,1691,21:00:00
424,8541,22:30:00
425,2995,06:15:00
426,7021,15:00:00
427,2855,08:42:00
428,5760,22:30:00
429,103,21:00:00
430,2461,07:30:00
431,5279,21:00:00
432,5213,23:42:00
433,1095,08:42:00
434,6285,14:15:00
435,3847,14:15:00
436,6206,14:00:00
437,4428,15:30:00
438,5775,22:15:00
439,1205,22:30:00
440,2264,22:15:00
441,9080,21:00:00
442,1913,14:00:00
443,9563,15:00:00
444,6568,21:00:00
445,9037,14:15:00
446,661,15:00:00
447,6144,22:15:00
448,3529,06:00:00
449,2881,22:15:00
450,6339,21:00:00
451,8061,06:15:00
452,5038,14:00:00
453,7333,07:00:00
454,3276,06:15:00
455,7607,15:34:00
456,5677,15:30:00
457,5020,07:30:00
458,7241,07:30:00
459,9834,21:00:00
460,1286,15:34:00
461,3966,06:15:00
462,6524,22:30:00
463,1610,07:00:00
464,7404,14:00:00
465,6127,07:30:00
466,4763,15:34:00
467,5814,07:30:00
468,2075,23:42:00
469,1443,15:00:00
470,3650,22:30:00
471,2012,22:15:00
472,248,08:42:00
473,731,15:00:00
474,63,06:15:00
475,729,22:30:00
476,4741,07:00:00
477,6612,23:42:00
478,6364,15:00:00
479,534,14:00:00
480,8045,07:00:00
481,9851,21:00:00
482,3707,15:00:00
483,889,15:30:00
484,8150,15:00:00
485,7731,07:00:00
486,3206,15:00:00
487,3906,22:15:00
488,1227,21:00:00
489,1508,22:30:00
490,3581,14:15:00
491,7591,22:15:00
492,388,22:15:00
493,9783,14:15:00
494,1482,15:00:00
495,362,07:30:00
496,6939,06:00:00
497,4258,06:00:00
498,5619,21:00:00
499,5572,06:15:00
500,2391,22:30:00
501,6211,14:00:00
502,1211,15:00:00
503,5726,14:15:00
504,2369,15:00:00
505,5818,15:30:00
506,9578,23:42:00
507,4262,23:42:00
508,9939,21:00:00
509,8624,07:30:00
510,3077,14:15:00
511,5016,22:15:00
512,4726,23:42:00
513,1709,22:15:00
514,1760,06:15:00
515,928,08:42:00
516,8275,08:42:00
517,1647,08:42:00
518,5254,08:42:00
519,358,07:30:00
520,4538,21:00:00
521,529,15:30:00
522,1976,14:15:00
523,2359,15:00:00
524,751,15:34:00
525,5870,21:00:00
526,931,15:30:00
527,1153,23:42:00
528,827,07:00:00
529,8657,22:30:00
530,3565,15:00:00
531,9921,21:00:00
532,5990,06:00:00
533,2866,22:30:00
534,4158,21:00:00
535,8913,07:30:00
536,7476,23:42:00
537,9250,22:15:00
538,3727,23:42:00
539,3156,21:00:00
540,9195,15:00:00
541,4355,15:00:00
542,736,08:42:00
543,3803,07:30:00
544,2206,22:30:00
545,6173,06:15:00
546,2102,21:00:00
547,3987,08:42:00
548,2365,22:30:00
549,4495,14:00:00
550,3384,06:15:00
551,6750,07:00:00
552,4331,21:00:00
553,3858,06:15:00
554,825,07:00:00
555,6470,07:00:00
556,545,06:00:00
557,2032,21:00:00
558,3455,22:30:00
559,8814,23:42:00
560,3494,15:30:00
561,2933,22:30:00
562,8129,06:00:00
563,2044,23:42:00
564,1679,22:30:00
565,6497,21:00:00
566,3433,23:42:00
567,5605,15:34:00
568,5375,07:00:00
569,6155,14:00:00
570,3626,21:00:00
571,8247,22:15:00
572,1902,06:15:00
573,7624,23:42:00
574,4667,06:00:00
575,5577,15:00:00
576,1258,23:42:00
577,7819,22:30:00
578,4692,23:42:00
579,8618,15:34:00
580,7557,15:30:00
581,3462,06:00:00
582,70,23:42:00
583,2948,06:15:00
584,4836,07:00:00
585,9261,08:42:00
586,3646,22:15:00
587,3515,07:00:00
588,9847,21:00:00
589,4653,21:00:00
590,1181,14:15:00
591,3655,06:00:00
592,9039,22:15:00
593,8660,15:34:00
594,145,06:00:00
595,9600,23:42:00
596,8994,07:00:00
597,1875,15:34:00
598,7732,07:30:00
599,2124,06:00:00
600,4373,15:00:00
601,7255,22:15:00
602,5589,08:42:00
603,8035,15:00:00
604,2240,21:00:00
605,8759,22:30:00
606,8347,22:15:00
607,9454,06:15:00
608,8532,22:15:00
609,3059,06:00:00
610,2509,22:30:00
611,8205,21:00:00
612,1789,14:00:00
613,9129,08:42:00
614,2347,08:42:00
615,4176,14:15:00
616,9369,08:42:00
617,6660,22:15:00
618,2445,07:30:00
619,1968,14:00:00
620,7336,22:15:00
621,7848,22:30:00
622,6943,22:15:00
623,2209,15:34:00
624,7459,08:42:00
625,8789,22:15:00
626,3464,21:00:00
627,6905,22:30:00
628,727,21:00:00
629,1944,21:00:00
630,6393,15:30:00
631,67,15:30:00
632,3835,07:00:00
633,7933,08:42:00
634,2545,14:15:00
635,5036,06:00:00
636,1456,15:34:00
637,8256,07:30:00
638,761,07:00:00
639,8008,06:00:00
640,9503,21:00:00
641,2351,23:42:00
642,9211,22:30:00
643,922,08:42:00
644,4780,07:00:00
645,9553,14:00:00
646,8528,15:30:00
647,5471,06:00:00
648,439,14:15:00
649,6795,23:42:00
650,455,15:00:00
651,3912,07:00:00
652,1613,06:00:00
653,6148,22:30:00
654,4266,14:00:00
655,3923,07:30:00
656,4968,21:00:00
657,1343,15:34:00
658,52,15:00:00
659,5884,15:00:00
660,6450,22:15:00
661,5526,15:00:00
662,2740,07:00:00
663,9329,22:30:00
664,4529,07:30:00
665,8110,15:30:00
666,6161,15:00:00
667,6861,06:15:00
668,5695,21:00:00
669,2633,15:34:00
670,1001,06:00:00
671,7655,07:30:00
672,7334,15:30:00
673,6732,08:42:00
674,3007,21:00:00
675,7423,14:00:00
676,40,15:00:00
677,9613,21:00:00
678,6647,23:42:00
679,3554,21:00:00
680,8828,15:00:00
681,8817,14:15:00
682,5170,14:00:00
683,5771,15:30:00
684,3396,06:15:00
685,2185,22:30:00
686,6530,21:00:00
687,9786,08:42:00
688,7468,15:30:00
689,4588,21:00:00
690,6333,07:30:00
691,6632,22:15:00
692,9140,23:42:00
693,5523,08:42:00
694,3795,21:00:00
695,6433,06:15:00
696,4386,22:15:00
697,8693,21:00:00
698,1173,06:15:00
699,9316,22:15:00
700,5319,06:15:00
701,8928,07:30:00
702,5100,14:00:00
703,6954,22:30:00
704,6739,06:00:00
705,1349,22:15:00
706,9841,07:30:00
707,7754,14:15:00
708,7233,07:30:00
709,898,15:00:00
710,9393,07:00:00
711,7315,08:42:00
712,2229,06:00:00
713,5099,22:15:00
714,9101,06:00:00
715,4398,08:42:00
716,3126,21:00:00
717,9244,07:00:00
718,940,21:00:00
719,4292,21:00:00
720,872,06:15:00
721,9236,08:42:00
722,8752,15:34:00
723,3217,14:00:00
724,7757,15:00:00
725,283,07:30:00
726,9711,06:00:00
727,7873,15:00:00
728,5250,21:00:00
729,305,14:15:00
730,5879,22:30:00
731,8995,21:00:00
732,2318,07:00:00
733,3444,08:42:00
734,3819,15:00:00
735,6300,08:42:00
736,33,21:00:00
737,8714,06:00:00
738,4368,14:15:00
739,3627,15:00:00
740,4365,22:15:00
741,6952,07:30:00
742,2342,22:30:00
743,7620,15:00:00
744,2775,07:00:00
745,5878,15:34:00
746,1717,15:34:00
747,7314,15:34:00
748,7875,07:00:00
749,5847,14:15:00
750,8117,22:15:00
751,9916,14:15:00
752,1553,06:15:00
753,8633,08:42:00
754,9994,22:30:00
755,2450,21:00:00
756,1675,22:15:00
757,8609,15:34:00
758,8583,14:00:00
759,8288,06:15:00
760,5527,22:15:00
761,4215,21:00:00
762,1608,06:15:00
763,8145,15:30:00
764,6125,23:42:00
765,2637,21:00:00
766,8758,21:00:00
767,8209,15:34:00
768,4762,14:15:00
769,1604,06:15:00
770,1808,08:42:00
771,6374,22:30:00
772,5315,21:00:00
773,1588,21:00:00
774,5642,08:42:00
775,8068,22:30:00
776,1199,07:00:00
777,766,15:34:00
778,8413,14:00:00
779,6509,07:30:00
780,4160,22:30:00
781,2413,07:30:00
782,4489,15:00:00
783,6911,14:00:00
784,1989,14:00:00
785,7701,23:42:00
786,3825,21:00:00
787,5346,23:42:00
788,8469,23:42:00
789,4526,14:00:00
790,6402,15:00:00
791,3676,15:34:00
792,9703,06:15:00
793,2103,21:00:00
794,9815,15:30:00
795,6030,15:30:00
796,8901,15:00:00
797,2393,06:00:00
798,2345,07:00:00
799,730,22:15:00
800,4241,14:15:00
801,5012,21:00:00
802,7704,06:15:00
803,7547,22:30:00
804,2283,23:42:00
805,386,14:00:00
806,2716,22:30:00
807,8119,21:00:00
808,5910,14:00:00
809,175,15:30:00
810,5718,06:00:00
811,5362,21:00:00
812,5547,14:15:00
813,357,07:00:00
814,8179,14:15:00
815,5028,07:30:00
816,2586,21:00:00
817,9702,15:30:00
818,93,07:30:00
819,306,14:15:00
820,68,15:34:00
821,349,23:42:00
822,7061,15:34:00
823,4178,06:15:00
824,3931,14:00:00
825,8003,14:15:00
826,5446,14:00:00
827,4125,06:15:00
828,3251,23:42:00
829,3814,15:30:00
830,2872,07:30:00
831,5717,07:00:00
832,427,22:30:00
833,8637,06:00:00
834,3491,07:00:00
835,6396,22:15:00
836,9257,15:30:00
837,1713,14:00:00
838,4294,06:15:00
839,9487,21:00:00
840,6781,21:00:00
841,9907,15:30:00
842,9823,07:00:00
843,2467,06:15:00
844,507,22:15:00
845,3690,23:42:00
846,8484,21:00:00
847,8829,15:34:00
848,4476,23:42:00
849,4041,15:34:00
850,3487,14:15:00
851,5025,23:42:00
852,94,07:30:00
853,4678,15:34:00
854,4563,22:30:00
855,1361,15:00:00
856,6570,15:30:00
857,9297,08:42:00
858,3811,06:15:00
859,9635,23:42:00
860,3195,15:30:00
861,7068,21:00:00
862,9573,06:00:00
863,4227,15:30:00
864,6783,21:00:00
865,6877,23:42:00
866,5122,08:42:00
867,2507,07:30:00
868,113,06:00:00
869,8903,21:00:00
870,1839,15:30:00
871,7745,21:00:00
872,3327,15:34:00
873,6915,22:15:00
874,8865,08:42:00
875,3753,22:15:00
876,6446,21:00:00
877,3082,15:00:00
878,9993,15:00:00
879,2279,06:15:00
880,2934,15:34:00
881,7358,15:34:00
882,1437,21:00:00
883,8450,21:00:00
884,3570,15:00:00
885,633,07:00:00
886,3364,06:00:00
887,4797,23:42:00
888,227,22:15:00
889,5263,15:34:00
890,5435,15:00:00
891,319,06:00:00
892,406,08:42:00
893,448,08:42:00
894,5854,14:15:00
895,4723,07:00:00
896,6962,14:00:00
897,9640,21:00:00
898,2235,07:30:00
899,5765,21:00:00
900,7992,22:30:00
901,1158,15:30:00
902,8642,06:15:00
903,1230,14:00:00
904,5168,08:42:00
905,5372,14:15:00
906,2862,07:30:00
907,9630,07:00:00
908,1280,22:30:00
909,739,07:30:00
910,8442,06:00:00
911,9838,23:42:00
912,7316,21:00:00
913,1541,15:00:00
914,4813,14:15:00
915,5473,14:00:00
916,6931,07:30:00
917,4801,15:00:00
918,9157,14:00:00
919,8735,06:00:00
920,8741,14:00:00
921,6516,06:15:00
922,7942,15:30:00
923,909,06:15:00
924,1273,15:34:00
925,7072,15:00:00
926,6811,06:00:00
927,298,15:30:00
928,6792,15:30:00
929,1048,21:00:00
930,35,21:00:00
931,4204,21:00:00
932,8917,21:00:00
933,4926,14:00:00
934,3179,08:42:00
935,2931,15:30:00
936,3123,06:15:00
937,7472,15:30:00
938,8596,15:30:00
939,1837,15:00:00
940,7641,15:34:00
941,7005,06:00:00
942,9260,21:00:00
943,3831,06:15:00
944,4487,06:15:00
945,8318,08:42:00
946,3535,23:42:00
947,4951,06:00:00
948,7300,21:00:00
949,7708,15:34:00
950,6236,15:00:00
951,8375,07:30:00
952,323,14:15:00
953,5823,15:00:00
954,5563,14:15:00
955,7085,07:30:00
956,251,14:00:00
957,1502,07:00:00
958,4278,06:15:00
959,4208,14:00:00
960,453,14:00:00
961,3838,23:42:00
962,9335,23:42:00
963,5222,22:15:00
964,5062,21:00:00
965,6843,15:34:00
966,9290,06:00:00
967,9876,08:42:00
968,7834,08:42:00
969,1446,07:30:00
970,2997,15:00:00
971,2780,15:34:00
972,7367,07:30:00
973,8093,21:00:00
974,8331,21:00:00
975,6309,22:15:00
976,4751,15:34:00
977,6777,15:30:00
978,6319,21:00:00
979,1768,22:15:00
980,3131,14:15:00
981,9119,22:30:00
982,6970,21:00:00
983,5770,15:00:00
984,1435,21:00:00
985,6275,14:00:00
986,9333,15:00:00
987,8287,23:42:00
988,6076,14:15:00
989,3861,15:30:00
990,3555,07:00:00
991,6010,15:00:00
992,1665,14:00:00
993,1520,06:00:00
994,4719,14:00:00
995,6463,07:30:00
996,9839,21:00:00
997,2658,06:00:00
998,1271,15:00:00
999,6617,15:34:00
1000,7391,15:30:00
1001,6070,14:15:00
1002,684,23:42:00
1003,4233,08:42:00
1004,3857,15:00:00
1005,1240,06:00:00
1006,5837,07:00:00
1007,1979,08:42:00
1008,5403,21:00:00
1009,8949,07:30:00
1010,4123,06:00:00
1011,6745,08:42:00
1012,5076,21:00:00
1013,8756,14:00:00
1014,6824,08:42:00
1015,5000,22:15:00
1016,1353,15:00:00
1017,6215,14:15:00
1018,8560,15:34:00
1019,7515,22:15:00
1020,2488,15:34:00
1021,8630,21:00:00
1022,1421,15:34:00
1023,2843,22:30:00
1024,961,21:00:00
1025,860,06:15:00
1026,5599,21:00:00
1027,8883,22:30:00
1028,8579,07:00:00
1029,105,22:30:00
1030,5522,21:00:00
1031,2757,07:30:00
1032,8286,06:15:00
1033,2821,22:15:00
1034,7039,15:00:00
1035,9797,22:15:00
1036,7967,21:00:00
1037,5149,15:00:00
1038,8506,21:00:00
1039,8193,06:15:00
1040,6807,15:34:00
1041,2060,15:34:00
1042,3955,06:00:00
1043,3886,06:15:00
1044,2087,14:15:00
1045,3642,07:00:00
1046,1903,22:15:00
1047,39,15:30:00
1048,5676,21:00:00
1049,7906,07:30:00
1050,2404,15:30:00
1051,2382,06:15:00
1052,9976,15:00:00
1053,6884,07:00:00
1054,7924,22:15:00
1055,2475,06:15:00
1056,3584,08:42:00
1057,7253,07:00:00
1058,2655,15:34:00
1059,7694,15:30:00
1060,3901,15:30:00
1061,66,14:00:00
1062,735,06:15:00
1063,6234,14:00:00
1064,4053,14:15:00
1065,658,22:15:00
1066,1657,15:00:00
1067,2946,21:00:00
1068,2991,21:00:00
1069,5553,06:00:00
1070,967,22:15:00
1071,7376,15:00:00
1072,2525,22:30:00
1073,4187,22:15:00
1074,5531,15:30:00
1075,4447,14:00:00
1076,3666,07:00:00
1077,1015,14:15:00
1078,601,15:34:00
1079,4850,22:30:00
1080,628,08:42:00
1081,5260,06:15:00
1082,2371,21:00:00
1083,8418,06:15:00
1084,497,06:15:00
1085,3597,14:00:00
1086,5570,22:30:00
1087,4120,14:15:00
1088,4616,14:15:00
1089,1296,08:42:00
1090,3506,08:42:00
1091,7139,23:42:00
1092,8772,15:34:00
1093,8593,22:30:00
1094,451,07:30:00
1095,3585,08:42:00
1096,4766,06:00:00
1097,8187,15:34:00
1098,3793,07:00:00
1099,3598,07:00:00
1100,7637,14:00:00
1101,3063,14:15:00
1102,2133,22:15:00
1103,2726,07:30:00
1104,3318,07:00:00
1105,4982,14:15:00
1106,8549,21:00:00
1107,2186,21:00:00
1108,2926,14:15:00
1109,3582,21:00:00
1110,6289,23:42:00
1111,4483,15:00:00
1112,2026,06:15:00
1113,3540,22:30:00
1114,6702,06:00:00
1115,7340,08:42:00
1116,5296,06:00:00
1117,9680,14:15:00
1118,9478,22:15:00
1119,2063,15:34:00
1120,6408,15:34:00
1121,7491,06:15:00
1122,7164,15:34:00
1123,6247,07:00:00
1124,4096,23:42:00
1125,5440,06:15:00
1126,1038,22:15:00
1127,8503,06:00:00
1128,3563,06:15:00
1129,6327,07:00:00
1130,9170,22:15:00
1131,109,15:30:00
1132,5389,06:15:00
1133,3151,06:15:00
1134,3986,22:15:00
1135,9175,22:15:00
1136,4210,21:00:00
1137,6689,08:42:00
1138,7920,21:00:00
1139,7159,15:30:00
1140,299,15:34:00
1141,7965,21:00:00
1142,134,07:30:00
1143,6841,08:42:00
1144,219,15:30:00
1145,5145,22:30:00
1146,6272,15:00:00
1147,660,14:00:00
1148,9666,23:42:00
1149,1612,22:15:00
1150,7499,23:42:00
1151,5178,21:00:00
1152,9356,21:00:00
1153,2189,15:30:00
1154,1084,22:15:00
1155,4139,14:00:00
1156,3536,21:00:00
1157,5792,22:30:00
1158,7402,15:30:00
1159,987,06:00:00
1160,5861,21:00:00
1161,7887,06:00:00
1162,4802,22:30:00
1163,5802,15:34:00
1164,8246,14:15:00
1165,6232,21:00:00
1166,7206,22:15:00
1167,3781,07:30:00
1168,1849,07:30:00
1169,2330,23:42:00
1170,83,15:30:00
1171,3451,21:00:00
1172,8052,07:30:00
1173,1750,07:30:00
1174,9120,07:00:00
1175,9380,07:30:00
1176,6828,06:15:00
1177,6654,21:00:00
1178,719,22:30:00
1179,9292,08:42:00
1180,2978,07:30:00
1181,5115,06:15:00
1182,1268,14:00:00
1183,2935,15:34:00
1184,6648,15:00:00
1185,8773,21:00:00
1186,6006,07:00:00
1187,5491,07:00:00
1188,4635,07:00:00
1189,4379,15:30:00
1190,1759,15:00:00
1191,2116,21:00:00
1192,7224,08:42:00
1193,487,21:00:00
1194,4784,15:30:00
1195,2778,22:30:00
1196,3975,14:00:00
1197,4515,21:00:00
1198,5960,21:00:00
1199,4362,21:00:00
1200,2363,06:15:00
1201,5782,15:30:00
1202,3386,15:30:00
1203,6028,22:30:00
1204,9247,08:42:00
1205,4950,15:00:00
1206,327,22:15:00
1207,158,22:30:00
1208,5995,14:00:00
1209,7120,14:15:00
1210,8199,22:15:00
1211,3852,08:42:00
1212,603,14:15:00
1213,4188,14:15:00
1214,861,15:30:00
1215,7185,08:42:00
1216,9892,15:34:00
1217,7063,07:30:00
1218,8453,14:15:00
1219,9348,22:15:00
1220,6734,22:15:00
1221,9049,21:00:00
1222,4706,08:42:00
1223,5602,21:00:00
1224,2104,21:00:00
1225,9025,14:00:00
1226,9447,22:30:00
1227,8025,21:00:00
1228,6237,06:15:00
1229,1809,15:34:00
1230,2061,14:15:00
1231,5048,14:00:00
1232,3619,07:00:00
1233,3504,15:30:00
1234,7672,06:15:00
1235,2737,14:15:00
1236,4369,08:42:00
1237,884,07:00:00
1238,7330,08:42:00
1239,5596,15:34:00
1240,7915,07:00:00
1241,4717,22:15:00
1242,5974,08:42:00
1243,1405,15:30:00
1244,2089,15:00:00
1245,414,22:15:00
1246,533,06:15:00
1247,6046,23:42:00
1248,1148,06:15:00
1249,257,06:00:00
1250,461,15:00:00
1251,523,15:00:00
1252,1069,06:15:00
1253,5654,08:42:00
1254,8294,07:30:00
1255,2105,14:00:00
1256,9320,08:42:00
1257,3926,07:00:00
1258,2958,06:15:00
1259,6475,15:34:00
1260,1030,14:15:00
1261,8004,07:30:00
1262,3830,15:30:00
1263,6039,23:42:00
1264,1638,06:00:00
1265,9965,14:00:00
1266,9096,07:00:00
1267,100,22:30:00
1268,6290,07:00:00
1269,1195,15:34:00
1270,914,15:00:00
1271,9511,15:34:00
1272,6401,14:15:00
1273,1885,14:15:00
1274,6109,08:42:00
1275,2732,21:00:00
1276,9131,06:00:00
1277,8516,22:15:00
1278,1330,14:00:00
1279,9822,07:00:00
1280,8914,07:30:00
1281,3228,06:00:00
1282,387,08:42:00
1283,6869,15:30:00
1284,2555,07:30:00
1285,5352,22:30:00
1286,908,14:15:00
1287,3634,14:00:00
1288,1231,15:34:00
1289,2845,21:00:00
1290,9259,07:30:00
1291,8030,22:15:00
1292,5114,21:00:00
1293,3567,14:15:00
1294,7380,21:00:00
1295,8105,22:30:00
1296,9918,06:15:00
1297,1314,22:15:00
1298,4318,21:00:00
1299,4039,15:34:00
1300,1340,14:15:00
1301,3407,08:42:00
1302,9723,07:00:00
1303,801,21:00:00
1304,9904,21:00:00
1305,5467,15:30:00
1306,1551,06:00:00
1307,611,21:00:00
1308,2694,06:15:00
1309,8406,21:00:00
1310,6591,22:15:00
1311,8039,15:34:00
1312,8535,15:34:00
1313,1774,15:00:00
1314,6507,08:42:00
1315,4112,21:00:00
1316,6106,06:15:00
1317,5914,15:30:00
1318,1086,08:42:00
1319,5730,22:30:00
1320,6985,06:00:00
1321,4735,06:00:00
1322,1797,07:00:00
1323,4101,22:30:00
1324,9779,07:00:00
1325,8942,07:30:00
1326,8401,15:00:00
1327,6013,15:34:00
1328,7138,07:00:00
1329,8051,22:30:00
1330,6994,08:42:00
1331,1250,21:00:00
1332,7234,15:00:00
1333,7554,07:00:00
1334,1710,23:42:00
1335,2514,14:00:00
1336,9936,06:15:00
1337,7132,06:00:00
1338,3190,06:00:00
1339,9710,06:00:00
1340,7324,23:42:00
1341,4282,08:42:00
1342,4071,06:15:00
1343,9415,23:42:00
1344,5682,21:00:00
1345,2204,06:15:00
1346,9294,15:00:00
1347,4694,23:42:00
1348,1701,15:34:00
1349,3832,21:00:00
1350,841,07:00:00
1351,6849,23:42:00
1352,6812,14:00:00
1353,6256,07:30:00
1354,222,07:00:00
1355,2572,07:30:00
1356,5993,22:15:00
1357,520,21:00:00
1358,7674,15:30:00
1359,338,22:30:00
1360,2226,21:00:00
1361,2340,15:00:00
1362,7790,06:00:00
1363,6766,21:00:00
1364,8112,07:30:00
1365,5842,14:15:00
1366,9555,21:00:00
1367,4819,22:30:00
1368,5326,23:42:00
1369,2252,06:15:00
1370,9077,22:15:00
1371,8424,15:30:00
1372,9368,21:00:00
1373,6199,07:00:00
1374,422,08:42:00
1375,7277,06:15:00
1376,9251,15:34:00
1377,2591,21:00:00
1378,652,15:34:00
1379,1948,08:42:00
1380,2197,21:00:00
1381,5140,15:00:00
1382,1305,22:30:00
1383,7368,06:00:00
1384,8480,15:34:00
1385,1178,15:34:00
1386,6227,22:30:00
1387,5772,15:34:00
1388,4161,15:30:00
1389,5256,08:42:00
1390,9535,07:30:00
1391,9089,15:34:00
1392,4273,14:15:00
1393,5565,07:00:00
1394,4304,15:34:00
1395,245,23:42:00
1396,2078,07:00:00
1397,4429,07:00:00
1398,5986,15:00:00
1399,641,15:30:00
1400,4163,21:00:00
1401,9597,14:15:00
1402,1889,15:34:00
1403,9554,15:30:00
1404,4703,15:30:00
1405,7456,06:15:00
1406,86,07:00:00
1407,9185,22:15:00
1408,2349,22:30:00
1409,8803,23:42:00
1410,6963,15:34:00
1411,7445,15:30:00
1412,7116,08:42:00
1413,3553,15:30:00
1414,5727,08:42:00
1415,2333,23:42:00
1416,3115,15:34:00
1417,4384,21:00:00
1418,8007,14:00:00
1419,8468,06:15:00
1420,1863,14:00:00
1421,235,21:00:00
1422,4973,08:42:00
1423,6024,23:42:00
1424,2541,21:00:00
1425,4403,07:00:00
1426,300,15:30:00
1427,6577,22:15:00
1428,8636,06:00:00
1429,1893,15:34:00
1430,5129,07:00:00
1431,7710,22:15:00
1432,1899,21:00:00
1433,5628,15:30:00
1434,4410,14:00:00
1435,9960,23:42:00
1436,1766,23:42:00
1437,2090,22:15:00
1438,9756,08:42:00
1439,544,23:42:00
1440,505,06:00:00
1441,1489,07:00:00
1442,3333,06:00:00
1443,6406,21:00:00
1444,6212,22:15:00
1445,1390,14:15:00
1446,1299,22:30:00
1447,8882,21:00:00
1448,6674,15:00:00
1449,5327,07:00:00
1450,7175,07:30:00
1451,8434,14:00:00
1452,18,06:00:00
1453,5107,15:30:00
1454,9808,14:15:00
1455,5425,21:00:00
1456,2262,15:30:00
1457,6451,07:30:00
1458,3688,14:00:00
1459,88,21:00:00
1460,1245,21:00:00
1461,8601,06:00:00
1462,7115,07:30:00
1463,4957,22:15:00
1464,5901,14:15:00
1465,9893,07:30:00
1466,5543,21:00:00
1467,9583,08:42:00
1468,4404,23:42:00
1469,9648,22:30:00
1470,1705,15:34:00
1471,7246,15:30:00
1472,8686,08:42:00
1473,2203,08:42:00
1474,1524,06:15:00
1475,2692,06:00:00
1476,543,06:00:00
1477,5193,15:34:00
1478,910,22:30:00
1479,6658,06:00:00
1480,2609,15:30:00
1481,9967,23:42:00
1482,1398,06:15:00
1483,2552,14:00:00
1484,6973,15:30:00
1485,821,15:30:00
1486,2832,06:15:00
1487,6511,15:00:00
1488,3758,23:42:00
1489,8635,23:42:00
1490,307,14:15:00
1491,7954,22:30:00
1492,970,21:00:00
1493,5423,22:30:00
1494,8691,15:30:00
1495,4701,07:30:00
1496,648,15:34:00
1497,2700,21:00:00
1498,3659,07:30:00
1499,3205,06:15:00
1500,869,21:00:00
1501,3749,07:30:00
1502,5258,07:30:00
1503,3889,06:15:00
1504,8100,07:00:00
1505,6094,22:30:00
1506,7432,22:30:00
1507,7756,08:42:00
1508,3032,15:00:00
1509,4271,21:00:00
1510,6293,23:42:00
1511,3020,08:42:00
1512,5339,08:42:00
1513,9110,06:00:00
1514,3499,06:15:00
1515,297,06:15:00
1516,9919,15:00:00
1517,4730,07:30:00
1518,9241,15:34:00
1519,3292,15:34:00
1520,9124,14:15:00
1521,3185,21:00:00
1522,9595,22:30:00
1523,8144,23:42:00
1524,5957,06:00:00
1525,6344,06:00:00
1526,7859,07:30:00
1527,5060,23:42:00
1528,1194,15:00:00
1529,7930,15:30:00
1530,977,14:00:00
1531,4060,22:30:00
1532,230,23:42:00
1533,3818,08:42:00
1534,8838,15:34:00
1535,8971,23:42:00
1536,6513,07:00:00
1537,2696,15:34:00
1538,8961,15:34:00
1539,4412,21:00:00
1540,3477,21:00:00
1541,674,23:42:00
1542,167,15:00:00
1543,2215,15:34:00
1544,9825,15:30:00
1545,8289,23:42:00
1546,4445,14:00:00
1547,3460,14:15:00
1548,3345,14:15:00
1549,9970,23:42:00
1550,5311,07:30:00
1551,5125,14:15:00
1552,679,21:00:00
1553,360,21:00:00
1554,5373,14:00:00
1555,9671,15:30:00
1556,764,15:00:00
1557,2766,14:00:00
1558,7572,14:00:00
1559,6690,06:00:00
1560,7925,15:34:00
1561,2305,15:00:00
1562,5948,21:00:00
1563,6964,21:00:00
1564,8446,22:15:00
1565,4327,06:00:00
1566,4130,14:00:00
1567,484,15:34:00
1568,3863,14:00:00
1569,7690,22:30:00
1570,4196,15:00:00
1571,9719,14:15:00
1572,6182,14:00:00
1573,3024,14:15:00
1574,1957,14:15:00
1575,5432,21:00:00
1576,1887,21:00:00
1577,4172,07:30:00
1578,2962,21:00:00
1579,8534,22:15:00
1580,3684,07:00:00
1581,8908,21:00:00
1582,3575,08:42:00
1583,6139,07:00:00
1584,6012,22:15:00
1585,2612,14:15:00
1586,8639,21:00:00
1587,8080,14:15:00
1588,6156,21:00:00
1589,4550,07:00:00
1590,5318,06:15:00
1591,8055,06:00:00
1592,2108,08:42:00
1593,9020,15:30:00
1594,8250,22:30:00
1595,848,08:42:00
1596,6864,07:00:00
1597,6418,22:15:00
1598,595,15:00:00
1599,8081,15:00:00
1600,190,08:42:00
1601,515,08:42:00
1602,9343,21:00:00
1603,3526,22:15:00
1604,3482,06:15:00
1605,9426,23:42:00
1606,310,15:30:00
1607,9000,21:00:00
1608,8799,23:42:00
1609,2570,07:00:00
1610,1834,14:00:00
1611,7568,07:00:00
1612,5502,21:00:00
1613,3207,23:42:00
1614,1655,06:15:00
1615,1380,06:00:00
1616,4793,07:00:00
1617,7326,14:00:00
1618,2120,14:15:00
1619,4446,07:30:00
1620,932,14:00:00
1621,241,23:42:00
1622,3776,23:42:00
1623,9821,14:15:00
1624,9863,07:00:00
1625,3022,14:15:00
1626,1093,06:00:00
1627,8482,14:00:00
1628,3691,07:30:00
1629,9576,15:30:00
1630,3692,07:00:00
1631,102,14:15:00
1632,2053,21:00:00
1633,7484,07:00:00
1634,9794,15:34:00
1635,6077,15:30:00
1636,4837,06:15:00
1637,7661,15:30:00
1638,8194,15:34:00
1639,99,06:15:00
1640,9852,07:00:00
1641,7421,22:30:00
1642,5265,06:15:00
1643,2611,07:00:00
1644,5583,21:00:00
1645,3428,07:00:00
1646,5803,15:30:00
1647,9958,21:00:00
1648,2,14:00:00
1649,7778,23:42:00
1650,9780,14:00:00
1651,1357,15:34:00
1652,2057,14:15:00
1653,5259,06:15:00
1654,5724,22:30:00
1655,3860,22:30:00
1656,3667,07:30:00
1657,4122,06:15:00
1658,7348,08:42:00
1659,4086,07:00:00
1660,7470,22:15:00
1661,9682,06:00:00
1662,8848,21:00:00
1663,6813,14:15:00
1664,2278,08:42:00
1665,3234,06:00:00
1666,1107,15:34:00
1667,2328,15:30:00
1668,4393,22:30:00
1669,3391,15:34:00
1670,7883,23:42:00
1671,204,08:42:00
1672,8276,15:34:00
1673,7678,22:15:00
1674,2839,06:15:00
1675,8514,07:00:00
1676,237,06:00:00
1677,6709,15:00:00
1678,5976,06:15:00
1679,6264,15:00:00
1680,3853,15:00:00
1681,7617,23:42:00
1682,1643,15:34:00
1683,1754,08:42:00
1684,4999,22:15:00
1685,7934,22:15:00
1686,4548,07:00:00
1687,802,14:15:00
1688,9414,15:00:00
1689,864,07:00:00
1690,3356,21:00:00
1691,776,08:42:00
1692,2238,22:15:00
1693,7545,08:42:00
1694,3025,21:00:00
1695,2980,06:15:00
1696,9278,14:15:00
1697,6562,14:00:00
1698,8495,15:00:00
1699,8523,15:30:00
1700,4878,14:00:00
1701,8999,06:00:00
1702,6599,07:30:00
1703,7864,21:00:00
1704,9400,07:30:00
1705,9837,07:30:00
1706,2154,06:15:00
1707,8669,21:00:00
1708,8562,14:15:00
1709,9894,06:15:00
1710,2893,14:15:00
1711,2970,14:15:00
1712,5554,15:34:00
1713,3735,08:42:00
1714,3246,21:00:00
1715,2336,07:00:00
1716,9076,15:00:00
1717,4224,22:15:00
1718,7308,15:30:00
1719,9731,06:00:00
1720,4753,06:15:00
1721,8996,15:30:00
1722,4044,23:42:00
1723,9401,15:34:00
1724,6352,06:00:00
1725,1122,14:00:00
1726,518,14:15:00
1727,2508,22:30:00
1728,3573,06:15:00
1729,3204,14:15:00
1730,6678,14:15:00
1731,6196,07:00:00
1732,6686,06:00:00
1733,7774,15:30:00
1734,194,15:30:00
1735,3014,14:00:00
1736,9819,22:15:00
1737,7389,08:42:00
1738,8505,22:30:00
1739,4303,21:00:00
1740,2377,14:00:00
1741,2134,22:30:00
1742,8399,23:42:00
1743,939,21:00:00
1744,8900,15:30:00
1745,6714,06:00:00
1746,37,22:30:00
1747,3509,07:30:00
1748,4759,14:15:00
1749,1406,08:42:00
1750,184,14:15:00
1751,3079,07:30:00
1752,630,07:00:00
1753,2451,06:15:00
1754,5692,15:34:00
1755,8763,23:42:00
1756,7299,06:15:00
1757,250,07:00:00
1758,8826,08:42:00
1759,4969,21:00:00
1760,404,22:30:00
1761,5767,14:15:00
1762,3266,07:00:00
1763,4607,06:15:00
1764,7117,15:00:00
1765,4307,14:15:00
1766,6833,14:15:00
1767,9669,14:00:00
1768,8421,23:42:00
1769,6017,22:15:00
1770,1282,06:00:00
1771,3291,22:15:00
1772,2066,14:00:00
1773,4805,15:34:00
1774,4934,15:30:00
1775,4344,06:15:00
1776,7155,14:15:00
1777,5710,06:15:00
1778,3099,22:15:00
1779,7671,08:42:00
1780,8980,08:42:00
1781,9421,14:00:00
1782,5788,14:15:00
1783,7603,15:34:00
1784,1169,14:15:00
1785,3270,21:00:00
1786,9564,23:42:00
1787,1099,07:00:00
1788,8259,08:42:00
1789,3542,07:00:00
1790,9655,06:15:00
1791,8719,07:00:00
1792,58,06:00:00
1793,495,06:15:00
1794,7357,15:30:00
1795,3720,21:00:00
1796,6357,22:15:00
1797,6042,06:00:00
1798,5680,06:00:00
1799,3042,14:00:00
1800,7107,07:30:00
1801,3521,21:00:00
1802,5497,06:15:00
1803,4946,07:00:00
1804,2861,15:34:00
1805,8529,14:15:00
1806,1385,23:42:00
1807,5089,14:00:00
1808,3902,21:00:00
1809,178,21:00:00
1810,8966,15:30:00
1811,6123,14:15:00
1812,8956,07:00:00
1813,6802,21:00:00
1814,9647,15:00:00
1815,2767,15:34:00
1816,3632,06:15:00
1817,8965,14:00:00
1818,1606,21:00:00
1819,1152,06:15:00
1820,2677,15:34:00
1821,2965,22:15:00
1822,2718,21:00:00
1823,6882,22:30:00
1824,4688,07:00:00
1825,539,21:00:00
1826,5816,23:42:00
1827,1249,15:34:00
1828,6862,22:30:00
1829,2383,21:00:00
1830,840,22:30:00
1831,9656,14:00:00
1832,3488,23:42:00
1833,4571,21:00:00
1834,4083,15:00:00
1835,5445,06:00:00
1836,6771,06:15:00
1837,1363,22:15:00
1838,8017,08:42:00
1839,2281,15:30:00
1840,1308,06:15:00
1841,8753,15:00:00
1842,9314,08:42:00
1843,6748,22:15:00
1844,4500,06:15:00
1845,77,06:00:00
1846,5414,23:42:00
1847,4536,08:42:00
1848,2311,22:15:00
1849,5537,07:00:00
1850,4566,14:15:00
1851,5314,23:42:00
1852,2910,22:30:00
1853,9248,07:30:00
1854,6193,22:30:00
1855,9331,15:30:00
1856,9226,21:00:00
1857,8123,22:30:00
1858,5888,22:30:00
1859,6,15:34:00
1860,8244,22:15:00
1861,1625,21:00:00
1862,4744,06:00:00
1863,1034,07:30:00
1864,6897,22:15:00
1865,21,21:00:00
1866,8827,15:00:00
1867,4217,06:00:00
1868,2009,14:15:00
1869,2460,06:15:00
1870,9016,06:00:00
1871,6643,06:00:00
1872,7386,06:15:00
1873,4502,06:15:00
1874,6491,06:00:00
1875,2588,07:30:00
1876,7716,21:00:00
1877,6527,23:42:00
1878,905,15:34:00
1879,3015,22:15:00
1880,3233,07:30:00
1881,7860,14:15:00
1882,6989,15:34:00
1883,4206,21:00:00
1884,9115,06:15:00
1885,8816,08:42:00
1886,3566,07:00:00
1887,5422,06:00:00
1888,2146,21:00:00
1889,2540,22:15:00
1890,5911,22:15:00
1891,9258,06:00:00
1892,4967,07:30:00
1893,1548,08:42:00
1894,5866,22:30:00
1895,1896,21:00:00
1896,346,15:00:00
1897,6646,06:15:00
1898,982,22:15:00
1899,5421,06:15:00
1900,3256,07:30:00
1901,4052,23:42:00
1902,4868,06:00:00
1903,6553,08:42:00
1904,440,15:00:00
1905,873,15:00:00
1906,6274,15:30:00
1907,5474,06:00:00
1908,6791,14:00:00
1909,2960,22:30:00
1910,1352,08:42:00
1911,2439,06:00:00
1912,7022,14:00:00
1913,3045,06:00:00
1914,904,15:30:00
1915,620,22:15:00
1916,1910,07:00:00
1917,9874,07:00:00
1918,282,23:42:00
1919,5022,14:00:00
1920,8071,22:15:00
1921,6492,15:00:00
1922,9944,22:30:00
1923,8184,06:15:00
1924,2247,21:00:00
1925,8426,22:30:00
1926,1367,15:34:00
1927,4364,15:00:00
1928,4995,21:00:00
1929,30,06:15:00
1930,9418,22:15:00
1931,4699,06:00:00
1932,2294,07:30:00
1933,7548,14:15:00
1934,7109,08:42:00
1935,7858,15:34:00
1936,3533,23:42:00
1937,122,21:00:00
1938,9191,15:30:00
1939,2500,06:15:00
1940,8787,21:00:00
1941,8555,08:42:00
1942,3249,07:00:00
1943,3601,15:30:00
1944,4854,22:15:00
1945,643,22:15:00
1946,5987,22:30:00
1947,4491,15:00:00
1948,918,14:00:00
1949,988,22:15:00
1950,3695,15:00:00
1951,9859,21:00:00
1952,4841,21:00:00
1953,4272,15:00:00
1954,2631,06:15:00
1955,8881,08:42:00
1956,9416,21:00:00
1957,1197,07:30:00
1958,7526,22:15:00
1959,4482,15:30:00
1960,7369,15:30:00
1961,9687,15:30:00
1962,3302,23:42:00
1963,8212,15:30:00
1964,9755,07:00:00
1965,7143,08:42:00
1966,9877,22:30:00
1967,4463,21:00:00
1968,9286,08:42:00
1969,6656,14:00:00
1970,7931,23:42:00
1971,2979,15:34:00
1972,4159,22:30:00
1973,3665,15:00:00
1974,8481,07:30:00
1975,754,14:15:00
1976,4831,14:00:00
1977,2444,14:00:00
1978,5778,21:00:00
1979,2577,06:00:00
1980,5470,07:30:00
1981,7003,15:00:00
1982,4823,07:30:00
1983,1659,21:00:00
1984,4226,07:30:00
1985,36,15:00:00
1986,2491,15:34:00
1987,3850,06:00:00
1988,9370,22:30:00
1989,7643,07:30:00
1990,8915,07:30:00
1991,9771,14:00:00
1992,6388,23:42:00
1993,4133,06:15:00
1994,7957,06:00:00
1995,2188,08:42:00
1996,7381,15:30:00
1997,3919,21:00:00
1998,8525,22:30:00
1999,5132,06:15:00
2000,706,15:00:00
2001,8102,07:00:00
2002,5208,22:15:00
2003,7135,07:00:00
2004,1455,06:15:00
2005,6131,07:30:00
2006,5755,14:00:00
2007,8334,22:30:00
2008,9012,21:00:00
2009,9985,15:34:00
2010,8894,21:00:00
2011,6878,23:42:00
2012,5989,07:00:00
2013,8958,08:42:00
2014,5359,08:42:00
2015,2880,08:42:00
2016,4443,15:34:00
2017,3713,21:00:00
2018,4746,21:00:00
2019,8263,07:00:00
2020,7133,21:00:00
2021,7601,15:34:00
2022,2595,15:00:00
2023,1492,14:00:00
2024,9548,15:30:00
2025,6194,21:00:00
2026,5721,07:30:00
2027,9616,22:30:00
2028,112,07:30:00
2029,637,15:34:00
2030,6641,14:15:00
2031,7245,07:00:00
2032,3530,15:34:00
2033,9450,23:42:00
2034,49,08:42:00
2035,7131,07:30:00
2036,6780,07:30:00
2037,6265,15:00:00
2038,9107,14:15:00
2039,5674,15:34:00
2040,5347,07:30:00
2041,7667,15:30:00
2042,6601,21:00:00
2043,1816,15:34:00
2044,7878,21:00:00
2045,271,08:42:00
2046,7795,15:00:00
2047,3995,22:30:00
2048,5033,06:00:00
2049,4795,23:42:00
2050,5273,07:00:00
2051,3952,21:00:00
2052,7869,21:00:00
2053,3086,22:15:00
2054,811,21:00:00
2055,4865,06:15:00
2056,7360,22:15:00
2057,4918,21:00:00
2058,9085,15:30:00
2059,4240,22:30:00
2060,7071,07:00:00
2061,4917,22:30:00
2062,4141,15:34:00
2063,4184,06:15:00
2064,4669,08:42:00
2065,779,21:00:00
2066,5933,15:34:00
2067,4885,14:00:00
2068,9309,22:15:00
2069,6571,23:42:00
2070,6453,14:15:00
2071,772,23:42:00
2072,1327,06:00:00
2073,1667,21:00:00
2074,186,22:15:00
2075,8542,21:00:00
2076,857,08:42:00
2077,6213,14:15:00
2078,9684,15:34:00
2079,2745,14:15:00
2080,6865,06:15:00
2081,4171,14:00:00
2082,1721,15:34:00
2083,3849,14:00:00
2084,9807,21:00:00
2085,9289,06:15:00
2086,1445,15:34:00
2087,2827,15:30:00
2088,2741,21:00:00
2089,7758,14:15:00
2090,6639,06:00:00
2091,2606,15:34:00
2092,1793,08:42:00
2093,3245,21:00:00
2094,3366,22:15:00
2095,614,06:00:00
2096,325,07:30:00
2097,685,22:30:00
2098,5462,14:15:00
2099,415,22:15:00
2100,9087,07:00:00
2101,644,07:30:00
2102,9717,06:00:00
2103,9015,21:00:00
2104,9137,21:00:00
2105,3921,21:00:00
2106,5379,07:30:00
2107,4451,08:42:00
2108,2516,22:15:00
2109,5761,23:42:00
2110,1288,14:15:00
2111,2691,23:42:00
2112,5821,06:00:00
2113,5052,07:30:00
2114,5905,07:30:00
2115,3683,15:30:00
2116,4859,06:15:00
2117,146,14:00:00
2118,9529,23:42:00
2119,2938,07:00:00
2120,4193,14:00:00
2121,7746,06:00:00
2122,2884,15:30:00
2123,3252,15:34:00
2124,3134,15:34:00
2125,8266,21:00:00
2126,2571,21:00:00
2127,5848,08:42:00
2128,430,21:00:00
2129,921,21:00:00
2130,3935,07:30:00
2131,3139,06:00:00
2132,3607,23:42:00
2133,9009,06:15:00
2134,3381,21:00:00
2135,8641,15:34:00
2136,5714,14:15:00
2137,9651,14:15:00
2138,8455,22:15:00
2139,6159,14:00:00
2140,1928,15:34:00
2141,9403,07:00:00
2142,9346,08:42:00
2143,3802,21:00:00
2144,6454,07:00:00
2145,7502,07:30:00
2146,9849,07:30:00
2147,1542,21:00:00
2148,6925,15:34:00
2149,9489,06:00:00
2150,998,14:00:00
2151,4522,06:00:00
2152,8336,07:30:00
2153,5919,07:30:00
2154,5744,15:00:00
2155,1859,23:42:00
2156,4454,15:34:00
2157,9998,15:30:00
2158,4058,14:00:00
2159,3355,07:00:00
2160,9196,06:15:00
2161,54,14:00:00
2162,3243,07:00:00
2163,6969,15:00:00
2164,3682,23:42:00
2165,7002,15:30:00
2166,2921,15:00:00
2167,7725,08:42:00
2168,4186,15:00:00
2169,9443,23:42:00
2170,1436,22:15:00
2171,2723,15:30:00
2172,7686,21:00:00
2173,6055,23:42:00
2174,6359,23:42:00
2175,2810,21:00:00
2176,9313,15:00:00
2177,3547,06:15:00
2178,839,06:15:00
2179,2903,14:00:00
2180,9272,07:00:00
2181,4461,14:00:00
2182,9169,14:00:00
2183,390,07:00:00
2184,9619,06:15:00
2185,6581,08:42:00
2186,7958,22:30:00
2187,6652,08:42:00
2188,6073,21:00:00
2189,7081,06:00:00
2190,3019,06:15:00
2191,8546,15:00:00
2192,5212,14:00:00
2193,6346,06:15:00
2194,2054,07:30:00
2195,2558,06:00:00
2196,3798,14:00:00
2197,1943,06:00:00
2198,1829,06:15:00
2199,6626,06:00:00
2200,9,07:00:00
2201,6786,14:00:00
2202,2559,22:15:00
2203,2466,14:00:00
2204,5185,15:34:00
2205,1022,15:00:00
2206,6609,21:00:00
2207,5633,21:00:00
2208,7907,07:00:00
2209,2618,07:00:00
2210,3070,15:00:00
2211,7276,23:42:00
2212,3029,21:00:00
2213,6725,15:00:00
2214,1259,21:00:00
2215,8284,08:42:00
2216,8702,06:15:00
2217,4991,15:00:00
2218,2339,07:30:00
2219,1215,06:00:00
2220,5329,21:00:00
2221,5211,15:30:00
2222,5226,15:00:00
2223,4565,06:00:00
2224,9010,15:30:00
2225,2282,21:00:00
2226,7346,22:30:00
2227,9660,06:15:00
2228,2128,07:00:00
2229,9233,21:00:00
2230,9034,22:15:00
2231,7981,21:00:00
2232,4143,06:15:00
2233,5207,14:15:00
2234,188,21:00:00
2235,5759,06:15:00
2236,8957,21:00:00
2237,3117,22:15:00
2238,1200,21:00:00
2239,6806,21:00:00
2240,8585,06:15:00
2241,4858,15:30:00
2242,6818,08:42:00
2243,1827,15:30:00
2244,4877,21:00:00
2245,326,14:00:00
2246,3822,15:34:00
2247,9557,21:00:00
2248,7495,21:00:00
2249,6957,15:00:00
2250,8020,06:00:00
2251,6542,15:30:00
2252,5698,15:30:00
2253,8728,07:30:00
2254,6456,21:00:00
2255,8076,07:00:00
2256,7211,14:15:00
2257,2426,14:00:00
2258,5091,21:00:00
2259,9054,14:15:00
2260,1441,15:30:00
2261,317,14:15:00
2262,6909,15:00:00
2263,5533,07:30:00
2264,5011,06:00:00
2265,9301,14:00:00
2266,5305,14:00:00
2267,3904,14:15:00
2268,1265,15:00:00
2269,6295,15:00:00
2270,4228,21:00:00
2271,5699,15:30:00
2272,9184,08:42:00
2273,7060,22:30:00
2274,4003,21:00:00
2275,4551,15:34:00
2276,1142,14:15:00
2277,6910,15:30:00
2278,6053,22:15:00
2279,1260,14:00:00
2280,6050,23:42:00
2281,1338,14:00:00
2282,5282,21:00:00
2283,1459,21:00:00
2284,459,08:42:00
2285,1569,07:00:00
2286,5781,07:30:00
2287,4256,06:00:00
2288,5232,22:30:00
2289,4537,23:42:00
2290,7408,08:42:00
2291,8540,22:30:00
2292,7450,14:00:00
2293,8338,07:00:00
2294,2702,14:00:00
2295,1464,15:00:00
2296,1412,14:15:00
2297,6657,21:00:00
2298,5007,07:30:00
2299,6422,07:00:00
2300,7084,07:00:00
2301,125,15:00:00
2302,6228,22:30:00
2303,8070,07:00:00
2304,4605,06:15:00
2305,3762,22:15:00
2306,3105,06:15:00
2307,5799,06:15:00
2308,5828,08:42:00
2309,8786,07:30:00
2310,1337,15:00:00
2311,4116,06:00:00
2312,9462,23:42:00
2313,5316,08:42:00
2314,933,06:00:00
2315,591,07:00:00
2316,6640,06:15:00
2317,6432,22:30:00
2318,8765,15:30:00
2319,7160,06:00:00
2320,8832,08:42:00
2321,2310,07:00:00
2322,896,21:00:00
2323,149,07:00:00
2324,8032,14:00:00
2325,6252,15:34:00
2326,6011,14:15:00
2327,7434,15:00:00
2328,4244,23:42:00
2329,7265,15:30:00
2330,4381,14:15:00
2331,6459,14:00:00
2332,4477,07:30:00
2333,3420,06:00:00
2334,1491,22:15:00
2335,5892,08:42:00
2336,6038,15:34:00
2337,9202,22:15:00
2338,2135,14:15:00
2339,9500,21:00:00
2340,5251,14:00:00
2341,2550,15:00:00
2342,9654,21:00:00
2343,4603,07:30:00
2344,3877,15:30:00
2345,160,08:42:00
2346,9207,21:00:00
2347,2113,21:00:00
2348,9252,08:42:00
2349,6847,15:00:00
2350,5518,15:00:00
2351,1212,06:00:00
2352,1374,21:00:00
2353,4886,06:15:00
2354,5661,07:30:00
2355,5175,08:42:00
2356,1138,08:42:00
2357,4070,23:42:00
2358,1004,14:15:00
2359,655,22:15:00
2360,4733,06:00:00
2361,7062,21:00:00
2362,9209,07:00:00
2363,5162,06:15:00
2364,7651,06:00:00
2365,8162,15:34:00
2366,8760,06:15:00
2367,7263,07:00:00
2368,8148,06:15:00
2369,7505,21:00:00
2370,9674,15:00:00
2371,7506,22:15:00
2372,5764,21:00:00
2373,8502,14:15:00
2374,6774,15:34:00
2375,7095,08:42:00
2376,732,21:00:00
2377,9547,15:34:00
2378,568,15:00:00
2379,2598,22:30:00
2380,2583,15:30:00
2381,5111,08:42:00
2382,3522,15:30:00
2383,7723,06:15:00
2384,6415,06:15:00
2385,228,22:15:00
2386,3423,21:00:00
2387,6248,14:15:00
2388,1014,21:00:00
2389,8861,21:00:00
2390,6493,06:00:00
2391,1946,06:15:00
2392,3152,08:42:00
2393,6245,06:15:00
2394,5929,22:15:00
2395,5248,21:00:00
2396,4666,14:15:00
2397,8872,07:00:00
2398,5864,15:30:00
2399,5065,21:00:00
2400,4996,15:34:00
2401,2015,22:15:00
2402,3052,15:30:00
2403,2592,07:30:00
2404,9880,08:42:00
2405,9296,14:00:00
2406,9136,14:00:00
2407,3443,15:30:00
2408,9661,15:00:00
2409,3418,23:42:00
2410,2950,07:30:00
2411,5931,15:34:00
2412,1045,15:34:00
2413,3241,15:00:00
2414,8049,14:15:00
2415,9123,14:15:00
2416,8013,21:00:00
2417,1111,23:42:00
2418,1233,15:00:00
2419,5223,21:00:00
2420,5215,15:00:00
2421,3840,06:00:00
2422,8157,08:42:00
2423,4668,15:30:00
2424,8364,07:00:00
2425,8972,07:00:00
2426,2202,14:15:00
2427,8124,07:30:00
2428,8285,07:00:00
2429,8598,22:30:00
2430,410,15:34:00
2431,8751,14:00:00
2432,8536,15:00:00
2433,4137,14:00:00
2434,4464,22:15:00
2435,3992,21:00:00
2436,4889,15:30:00
2437,9268,07:30:00
2438,129,21:00:00
2439,6008,07:30:00
2440,1796,08:42:00
2441,6407,21:00:00
2442,5384,21:00:00
2443,8566,06:15:00
2444,6457,21:00:00
2445,3177,23:42:00
2446,7916,15:00:00
2447,5074,06:00:00
2448,5582,21:00:00
2449,3236,14:00:00
2450,3600,06:00:00
2451,3714,15:00:00
2452,5708,15:34:00
2453,5712,06:00:00
2454,4690,22:15:00
2455,3222,21:00:00
2456,2421,22:15:00
2457,4333,06:15:00
2458,7012,06:00:00
2459,1857,08:42:00
2460,4212,15:30:00
2461,4963,15:00:00
2462,7395,22:30:00
2463,4943,22:15:00
2464,2260,07:00:00
2465,2176,21:00:00
2466,9002,08:42:00
2467,7387,23:42:00
2468,4135,21:00:00
2469,8340,22:15:00
2470,6329,21:00:00
2471,9358,14:00:00
2472,3297,14:15:00
2473,624,23:42:00
2474,6706,22:15:00
2475,2530,14:00:00
2476,902,06:00:00
2477,4286,22:30:00
2478,8082,07:30:00
2479,3203,08:42:00
2480,2663,21:00:00
2481,9457,07:00:00
2482,2233,21:00:00
2483,3508,21:00:00
2484,5860,06:15:00
2485,812,23:42:00
2486,7523,06:15:00
2487,8103,06:15:00
2488,64,15:00:00
2489,783,15:30:00
2490,7852,15:00:00
2491,8325,07:00:00
2492,2878,06:00:00
2493,8216,15:00:00
2494,2008,15:00:00
2495,3941,06:15:00
2496,7059,06:00:00
2497,4772,06:00:00
2498,789,07:30:00
2499,2733,06:15:00
2500,2847,15:34:00
2501,6087,14:00:00
2502,168,08:42:00
2503,1817,06:15:00
2504,4856,15:34:00
2505,7418,08:42:00
2506,4545,14:00:00
2507,8350,23:42:00
2508,2414,15:34:00
2509,6108,06:00:00
2510,2947,14:00:00
2511,45,21:00:00
2512,9732,23:42:00
2513,350,06:15:00
2514,849,15:30:00
2515,2334,22:30:00
2516,5105,15:34:00
2517,9138,15:30:00
2518,9741,15:30:00
2519,8494,14:00:00
2520,2976,22:30:00
2521,211,15:00:00
2522,6255,14:15:00
2523,9646,22:15:00
2524,787,08:42:00
2525,2275,07:00:00
2526,8243,07:30:00
2527,8118,15:30:00
2528,8206,14:00:00
2529,2706,08:42:00
2530,4458,15:34:00
2531,1499,15:30:00
2532,216,06:15:00
2533,4677,15:34:00
2534,7727,07:00:00
2535,6665,08:42:00
2536,9322,07:00:00
2537,6873,21:00:00
2538,7167,15:34:00
2539,2760,15:00:00
2540,3593,06:00:00
2541,340,21:00:00
2542,8982,07:00:00
2543,1666,15:34:00
2544,8422,22:15:00
2545,4006,22:30:00
2546,2221,22:15:00
2547,4952,14:15:00
2548,3891,14:15:00
2549,5086,21:00:00
2550,8947,14:00:00
2551,6484,14:00:00
2552,9712,15:00:00
2553,9973,06:00:00
2554,9757,06:15:00
2555,7645,07:30:00
2556,8489,14:15:00
2557,9342,21:00:00
2558,2890,14:15:00
2559,3473,22:30:00
2560,9411,07:30:00
2561,8707,14:15:00
2562,4017,23:42:00
2563,4289,22:30:00
2564,606,06:15:00
2565,6512,15:34:00
2566,953,07:30:00
2567,5779,22:30:00
2568,9517,14:00:00
2569,2966,15:00:00
2570,8390,15:30:00
2571,189,22:15:00
2572,5026,21:00:00
2573,9611,06:15:00
2574,4007,08:42:00
2575,2200,21:00:00
2576,3303,15:30:00
2577,8306,15:00:00
2578,5687,15:00:00
2579,3034,21:00:00
2580,8806,23:42:00
2581,2093,22:15:00
2582,3610,15:34:00
2583,5798,21:00:00
2584,2166,06:15:00
2585,2348,14:00:00
2586,1676,07:00:00
2587,1150,15:00:00
2588,9642,14:00:00
2589,478,22:15:00
2590,8069,15:34:00
2591,563,22:15:00
2592,8588,08:42:00
2593,548,08:42:00
2594,3325,07:30:00
2595,1558,22:15:00
2596,5893,08:42:00
2597,7997,06:00:00
2598,3668,06:15:00
2599,3471,06:15:00
2600,2703,21:00:00
2601,6754,07:30:00
2602,7520,06:00:00
2603,1923,14:15:00
2604,6788,22:30:00
2605,756,15:34:00
2606,7845,15:00:00
2607,20,15:34:00
2608,4760,15:34:00
2609,6547,22:15:00
2610,7046,15:00:00
2611,6948,06:00:00
2612,9873,15:30:00
2613,1333,14:15:00
2614,3842,14:00:00
2615,9889,06:00:00
2616,1334,15:00:00
2617,2257,15:34:00
2618,9681,23:42:00
2619,4530,08:42:00
2620,4652,07:30:00
2621,969,15:30:00
2622,4356,06:15:00
2623,2043,21:00:00
2624,71,22:30:00
2625,3438,22:15:00
2626,9623,21:00:00
2627,8322,07:30:00
2628,6208,08:42:00
2629,1365,15:34:00
2630,3654,21:00:00
2631,1130,07:00:00
2632,8862,21:00:00
2633,525,06:00:00
2634,7779,14:15:00
2635,7119,22:15:00
2636,486,14:00:00
2637,411,21:00:00
2638,7356,08:42:00
2639,4966,07:30:00
2640,5152,22:30:00
2641,1949,08:42:00
2642,294,14:15:00
2643,755,21:00:00
2644,169,23:42:00
2645,6095,15:30:00
2646,1434,21:00:00
2647,371,15:34:00
2648,8343,21:00:00
2649,5267,08:42:00
2650,9942,22:30:00
2651,6150,22:15:00
2652,5330,23:42:00
2653,1481,22:30:00
2654,6315,15:30:00
2655,7786,22:15:00
2656,1131,15:30:00
2657,7668,07:30:00
2658,3346,21:00:00
2659,7019,15:00:00
2660,6740,06:00:00
2661,8392,23:42:00
2662,1225,22:15:00
2663,3932,22:30:00
2664,4949,07:30:00
2665,6711,22:15:00
2666,8161,14:00:00
2667,3129,14:15:00
2668,1328,22:15:00
2669,2427,07:00:00
2670,6191,15:30:00
2671,6113,07:00:00
2672,7611,07:00:00
2673,4315,22:30:00
2674,4432,22:30:00
2675,7171,14:15:00
2676,4494,21:00:00
2677,4980,22:30:00
2678,3561,14:00:00
2679,4195,06:15:00
2680,5154,14:00:00
2681,1311,14:00:00
2682,6834,21:00:00
2683,368,22:15:00
2684,7338,07:00:00
2685,3702,06:00:00
2686,777,08:42:00
2687,4710,15:34:00
2688,6625,07:30:00
2689,5964,08:42:00
2690,8026,14:15:00
2691,804,14:00:00
2692,9256,22:30:00
2693,1220,06:00:00
2694,959,22:15:00
2695,2148,06:15:00
2696,41,23:42:00
2697,9567,22:15:00
2698,7011,08:42:00
2699,3208,21:00:00
2700,6044,22:15:00
2701,1189,15:34:00
2702,192,21:00:00
2703,3851,22:30:00
2704,1175,06:15:00
2705,7990,15:30:00
2706,5690,07:30:00
2707,9051,14:00:00
2708,5341,14:15:00
2709,6254,14:15:00
2710,5556,22:30:00
2711,3009,15:00:00
2712,9254,22:30:00
2713,8734,22:30:00
2714,2597,07:30:00
2715,9726,08:42:00
2716,3124,14:00:00
2717,51,15:34:00
2718,6883,15:34:00
2719,2547,21:00:00
2720,7988,15:00:00
2721,9509,15:34:00
2722,462,15:30:00
2723,2376,07:00:00
2724,8131,15:30:00
2725,1937,23:42:00
2726,3996,15:34:00
2727,5155,06:00:00
2728,7237,14:00:00
2729,5054,15:34:00
2730,1900,06:15:00
2731,2181,22:30:00
2732,6440,06:00:00
2733,9575,14:00:00
2734,6716,22:30:00
2735,5364,15:34:00
2736,5331,15:34:00
2737,4905,08:42:00
2738,3218,07:00:00
2739,6056,07:30:00
2740,5468,06:00:00
2741,4839,22:30:00
2742,4449,15:34:00
2743,2751,22:15:00
2744,6594,22:15:00
2745,1693,21:00:00
2746,8156,06:00:00
2747,6052,07:00:00
2748,2487,06:15:00
2749,9931,07:00:00
2750,6936,07:30:00
2751,9950,06:15:00
2752,2263,06:15:00
2753,4629,15:00:00
2754,498,15:30:00
2755,485,15:30:00
2756,7056,23:42:00
2757,5199,15:00:00
2758,7350,06:00:00
2759,6894,07:30:00
2760,9541,14:00:00
2761,8245,07:30:00
2762,5819,14:15:00
2763,7775,15:00:00
2764,179,15:30:00
2765,6003,15:34:00
2766,5512,14:00:00
2767,6852,22:15:00
2768,2973,06:00:00
2769,9735,07:30:00
2770,6399,21:00:00
2771,3528,14:00:00
2772,9398,22:30:00
2773,6502,15:30:00
2774,2296,22:15:00
2775,7240,06:15:00
2776,2520,21:00:00
2777,6798,22:15:00
2778,1488,15:34:00
2779,402,23:42:00
2780,7590,23:42:00
2781,5183,14:00:00
2782,5072,15:30:00
2783,4453,23:42:00
2784,3949,15:34:00
2785,9067,14:00:00
2786,9683,21:00:00
2787,242,22:30:00
2788,7294,22:30:00
2789,2959,21:00:00
2790,7448,14:15:00
2791,8466,22:30:00
2792,817,06:00:00
2793,177,06:00:00
2794,509,15:30:00
2795,4679,15:34:00
2796,9463,14:00:00
2797,8448,06:00:00
2798,588,07:00:00
2799,9497,06:00:00
2800,9692,15:00:00
2801,3867,14:15:00
2802,7447,14:00:00
2803,1602,23:42:00
2804,586,06:15:00
2805,9152,06:15:00
2806,1369,08:42:00
2807,9230,21:00:00
2808,9697,15:30:00
2809,8605,21:00:00
2810,903,15:30:00
2811,6875,21:00:00
2812,482,15:00:00
2813,517,15:00:00
2814,7013,23:42:00
2815,549,14:00:00
2816,7479,14:00:00
2817,8192,06:15:00
2818,7894,21:00:00
2819,4747,06:15:00
2820,6235,08:42:00
2821,8941,21:00:00
2822,2403,14:00:00
2823,4455,21:00:00
2824,2659,07:30:00
2825,7036,06:15:00
2826,2456,07:00:00
2827,3656,23:42:00
2828,662,21:00:00
2829,8798,23:42:00
2830,4498,23:42:00
2831,9721,22:30:00
2832,7327,23:42:00
2833,5417,22:15:00
2834,4219,14:15:00
2835,2863,14:00:00
2836,1571,14:15:00
2837,8512,14:00:00
2838,1201,22:30:00
2839,4608,21:00:00
2840,1469,14:15:00
2841,1157,07:00:00
2842,4708,21:00:00
2843,7575,23:42:00
2844,8729,21:00:00
2845,4389,15:34:00
2846,6420,14:00:00
2847,8031,15:00:00
2848,3843,08:42:00
2849,7123,07:00:00
2850,4964,14:15:00
2851,9969,06:15:00
2852,5707,14:15:00
2853,6836,15:00:00
2854,7744,14:00:00
2855,2251,21:00:00
2856,1061,15:34:00
2857,3350,23:42:00
2858,8775,06:00:00
2859,7009,22:30:00
2860,4633,15:00:00
2861,6154,14:15:00
2862,820,22:30:00
2863,5190,22:30:00
2864,2848,07:00:00
2865,5549,07:00:00
2866,6924,06:00:00
2867,1072,22:30:00
2868,1213,08:42:00
2869,4408,15:00:00
2870,683,06:00:00
2871,4587,14:00:00
2872,8238,15:00:00
2873,4225,07:30:00
2874,6949,15:34:00
2875,4490,08:42:00
2876,1917,15:30:00
2877,3312,14:00:00
2878,5385,15:30:00
2879,6672,07:00:00
2880,5472,14:15:00
2881,4293,07:30:00
2882,4521,14:00:00
2883,5077,06:15:00
2884,742,15:34:00
2885,3731,15:34:00
2886,3820,15:30:00
2887,9890,06:15:00
2888,8738,06:15:00
2889,8864,06:15:00
2890,8,22:30:00
2891,3927,22:15:00
2892,3603,15:34:00
2893,9486,06:15:00
2894,215,06:15:00
2895,8796,15:30:00
2896,5738,21:00:00
2897,1160,07:00:00
2898,6698,06:15:00
2899,137,21:00:00
2900,6921,21:00:00
2901,7809,15:30:00
2902,74,15:30:00
2903,6662,22:30:00
2904,7465,23:42:00
2905,8062,22:30:00
2906,5925,22:15:00
2907,3761,22:15:00
2908,8092,06:15:00
2909,9621,06:00:00
2910,2923,15:00:00
2911,8568,14:00:00
2912,2446,21:00:00
2913,3586,21:00:00
2914,8770,15:34:00
2915,4658,22:30:00
2916,2816,22:30:00
2917,1162,15:34:00
2918,7292,22:15:00
2919,1568,08:42:00
2920,2454,15:34:00
2921,7313,07:30:00
2922,8680,23:42:00
2923,1560,07:30:00
2924,9055,22:30:00
2925,3559,21:00:00
2926,4207,15:30:00
2927,9883,07:30:00
2928,1413,15:00:00
2929,3571,06:15:00
2930,5808,22:15:00
2931,5439,15:34:00
2932,6968,22:15:00
2933,3309,22:30:00
2934,5612,15:34:00
2935,288,15:30:00
2936,490,08:42:00
2937,7978,22:15:00
2938,2216,06:00:00
2939,2448,08:42:00
2940,5353,07:30:00
2941,8602,06:15:00
2942,1410,22:15:00
2943,3888,07:00:00
2944,9556,21:00:00
2945,2484,21:00:00
2946,7582,15:30:00
2947,5485,07:30:00
2948,7037,07:00:00
2949,5740,22:15:00
2950,5027,22:30:00
2951,2136,06:00:00
2952,1417,15:00:00
2953,5461,22:15:00
2954,3743,22:30:00
2955,2858,22:30:00
2956,8800,14:15:00
2957,2301,15:30:00
2958,9704,14:15:00
2959,962,23:42:00
2960,1504,21:00:00
2961,5757,06:00:00
2962,4516,14:00:00
2963,1681,15:00:00
2964,5900,15:34:00
2965,4927,06:15:00
2966,3409,14:00:00
2967,6443,21:00:00
2968,946,22:15:00
2969,9982,06:15:00
2970,6299,23:42:00
2971,9754,14:15:00
2972,2255,08:42:00
2973,31,14:15:00
2974,8126,07:30:00
2975,9923,14:15:00
2976,1332,15:34:00
2977,5103,07:00:00
2978,4149,07:00:00
2979,6535,14:15:00
2980,9596,15:00:00
2981,9381,21:00:00
2982,4734,06:00:00
2983,6498,23:42:00
2984,218,07:30:00
2985,2937,14:00:00
2986,688,14:15:00
2987,2575,14:15:00
2988,2539,07:00:00
2989,7702,22:15:00
2990,7267,14:00:00
2991,3534,06:15:00
2992,9481,22:30:00
2993,5891,06:00:00
2994,7966,15:30:00
2995,6995,15:30:00
2996,4613,14:15:00
2997,1391,22:30:00
2998,5387,08:42:00
2999,2047,15:00:00
3000,1911,21:00:00
3001,1734,07:00:00
3002,2982,15:00:00
3003,28,07:30:00
3004,3080,14:15:00
3005,4534,15:30:00
3006,5441,14:00:00
3007,5688,15:00:00
3008,4814,15:30:00
3009,8819,07:00:00
3010,7521,15:34:00
3011,364,15:30:00
3012,6074,15:00:00
3013,391,14:15:00
3014,9770,22:15:00
3015,3779,21:00:00
3016,7832,21:00:00
3017,8201,06:15:00
3018,3589,15:00:00
3019,7724,07:00:00
3020,8793,07:00:00
3021,7426,21:00:00
3022,4510,15:30:00
3023,8190,15:30:00
3024,2984,21:00:00
3025,7329,21:00:00
3026,4944,21:00:00
3027,6489,07:30:00
3028,7606,14:15:00
3029,7561,23:42:00
3030,181,08:42:00
3031,9951,15:00:00
3032,8072,15:30:00
3033,2720,15:00:00
3034,5146,22:15:00
3035,3374,15:34:00
3036,9698,22:30:00
3037,4709,23:42:00
3038,3730,06:15:00
3039,2175,06:00:00
3040,911,08:42:00
3041,4423,15:34:00
3042,9341,23:42:00
3043,3061,07:00:00
3044,7576,22:15:00
3045,8214,07:00:00
3046,1617,14:15:00
3047,4407,08:42:00
3048,5568,06:00:00
3049,144,07:30:00
3050,3937,22:30:00
3051,7711,07:00:00
3052,1535,21:00:00
3053,5580,22:30:00
3054,2236,08:42:00
3055,8616,06:00:00
3056,8570,22:30:00
3057,722,22:15:00
3058,1236,21:00:00
3059,8152,23:42:00
3060,5592,08:42:00
3061,4681,23:42:00
3062,9665,07:30:00
3063,2569,14:15:00
3064,4965,06:15:00
3065,6326,23:42:00
3066,7058,21:00:00
3067,447,21:00:00
3068,3048,21:00:00
3069,856,08:42:00
3070,6267,15:00:00
3071,4527,08:42:00
3072,6286,14:00:00
3073,5593,22:15:00
3074,6999,21:00:00
3075,3855,14:00:00
3076,1053,22:15:00
3077,9149,22:30:00
3078,1770,21:00:00
3079,5545,14:15:00
3080,4945,06:00:00
3081,2434,15:00:00
3082,8795,07:30:00
3083,6307,06:00:00
3084,9864,15:34:00
3085,2795,15:30:00
3086,6092,22:15:00
3087,1727,07:00:00
3088,3033,06:00:00
3089,8380,21:00:00
3090,6313,15:00:00
3091,7222,06:00:00
3092,9324,14:15:00
3093,5725,23:42:00
3094,6217,15:30:00
3095,855,14:15:00
3096,2267,07:30:00
3097,984,15:34:00
3098,6832,21:00:00
3099,2626,06:15:00
3100,8000,21:00:00
3101,1106,15:00:00
3102,7719,15:00:00
3103,1530,15:34:00
3104,6727,22:15:00
3105,3093,15:00:00
3106,8898,15:34:00
3107,1620,22:15:00
3108,635,08:42:00
3109,2804,15:34:00
3110,7767,21:00:00
3111,4437,22:30:00
3112,4009,06:15:00
3113,5484,07:30:00
3114,4920,22:15:00
3115,8797,07:30:00
3116,3041,07:00:00
3117,7555,22:30:00
3118,1755,07:30:00
3119,3998,23:42:00
3120,2785,15:30:00
3121,3675,06:00:00
3122,5503,14:00:00
3123,3744,22:15:00
3124,4473,08:42:00
3125,9068,07:30:00
3126,5451,15:30:00
3127,2708,15:30:00
3128,7517,14:15:00
3129,5813,22:30:00
3130,8743,22:30:00
3131,9367,06:00:00
3132,8280,22:15:00
3133,3192,15:30:00
3134,2360,08:42:00
3135,2794,21:00:00
3136,2528,21:00:00
3137,5037,23:42:00
3138,270,15:34:00
3139,5487,21:00:00
3140,9974,15:00:00
3141,6224,23:42:00
3142,7287,22:30:00
3143,8255,21:00:00
3144,3106,15:30:00
3145,4785,06:15:00
3146,2967,06:00:00
3147,9491,21:00:00
3148,8437,15:30:00
3149,9569,06:00:00
3150,6114,22:30:00
3151,7349,06:00:00
3152,2407,15:34:00
3153,9699,06:00:00
3154,843,22:15:00
3155,1825,14:00:00
3156,6534,21:00:00
3157,4913,21:00:00
3158,2127,21:00:00
3159,3216,21:00:00
3160,2266,14:00:00
3161,1630,06:15:00
3162,9733,21:00:00
3163,1682,22:30:00
3164,7040,08:42:00
3165,1584,15:00:00
3166,1094,15:30:00
3167,3662,15:34:00
3168,6356,15:30:00
3169,4131,14:00:00
3170,9213,22:15:00
3171,6360,22:30:00
3172,5587,15:00:00
3173,2212,14:15:00
3174,8589,14:15:00
3175,3938,14:15:00
3176,6972,15:00:00
3177,9424,22:30:00
3178,417,07:00:00
3179,5631,21:00:00
3180,6569,22:15:00
3181,1572,06:15:00
3182,5887,23:42:00
3183,4108,22:30:00
3184,6523,07:00:00
3185,1543,21:00:00
3186,6141,08:42:00
3187,5657,22:15:00
3188,8932,07:30:00
3189,8337,14:15:00
3190,6201,21:00:00
3191,2504,06:00:00
3192,2680,23:42:00
3193,8652,14:00:00
3194,9662,21:00:00
3195,4769,06:00:00
3196,6998,14:00:00
3197,1814,06:00:00
3198,157,22:30:00
3199,7752,07:30:00
3200,8433,07:00:00
3201,3157,21:00:00
3202,3175,23:42:00
3203,4046,22:15:00
3204,9957,14:15:00
3205,207,21:00:00
3206,8273,21:00:00
3207,9327,15:00:00
3208,2038,22:30:00
3209,4322,06:00:00
3210,5845,07:00:00
3211,1981,07:00:00
3212,3957,23:42:00
3213,2831,06:00:00
3214,559,06:00:00
3215,4511,14:00:00
3216,7229,07:30:00
3217,9048,08:42:00
3218,6166,23:42:00
3219,3647,21:00:00
3220,7874,14:15:00
3221,5705,22:15:00
3222,7140,06:00:00
3223,2551,15:30:00
3224,8854,21:00:00
3225,2361,23:42:00
3226,3176,06:15:00
3227,2479,21:00:00
3228,7310,07:00:00
3229,8870,15:00:00
3230,5736,15:34:00
3231,1736,06:15:00
3232,6839,15:00:00
3233,570,15:34:00
3234,333,14:00:00
3235,8154,15:30:00
3236,9371,21:00:00
3237,117,23:42:00
3238,8688,15:34:00
3239,6623,07:00:00
3240,1739,15:00:00
3241,7640,23:42:00
3242,3387,14:15:00
3243,6728,15:30:00
3244,6202,22:15:00
3245,80,22:15:00
3246,646,06:00:00
3247,3018,22:30:00
3248,748,07:00:00
3249,680,15:34:00
3250,372,06:00:00
3251,7207,22:30:00
3252,143,21:00:00
3253,899,22:15:00
3254,4651,15:00:00
3255,7579,06:15:00
3256,4299,07:00:00
3257,4971,22:30:00
3258,7483,22:30:00
3259,4585,15:34:00
3260,61,21:00:00
3261,8419,07:00:00
3262,4514,14:15:00
3263,2579,22:15:00
3264,254,08:42:00
3265,678,06:00:00
3266,9231,06:00:00
3267,8317,23:42:00
3268,7956,06:15:00
3269,7781,21:00:00
3270,8822,07:30:00
3271,8711,07:00:00
3272,353,14:00:00
3273,3653,07:00:00
3274,7236,06:15:00
3275,3596,23:42:00
3276,7610,06:15:00
3277,3993,07:00:00
3278,9739,23:42:00
3279,9276,23:42:00
3280,8043,06:15:00
3281,4057,22:30:00
3282,5180,23:42:00
3283,7337,06:15:00
3284,8096,15:30:00
3285,7748,21:00:00
3286,1166,21:00:00
3287,4549,21:00:00
3288,5200,07:30:00
3289,5224,22:15:00
3290,203,23:42:00
3291,3845,06:15:00
3292,8363,15:30:00
3293,1087,14:15:00
3294,7813,06:15:00
3295,1565,07:00:00
3296,9705,15:00:00
3297,6971,15:34:00
3298,808,22:15:00
3299,8099,07:00:00
3300,6933,21:00:00
3301,1149,14:00:00
3302,3137,15:34:00
3303,1715,21:00:00
3304,9758,06:00:00
3305,9568,14:15:00
3306,1125,15:30:00
3307,6143,22:15:00
3308,1870,21:00:00
3309,4649,06:00:00
3310,1234,08:42:00
3311,6563,14:00:00
3312,2915,15:00:00
3313,5609,07:00:00
3314,3332,14:15:00
3315,3314,22:30:00
3316,696,23:42:00
3317,4582,07:00:00
3318,6753,06:00:00
3319,3583,14:00:00
3320,5031,07:00:00
3321,9927,21:00:00
3322,4799,06:15:00
3323,5872,21:00:00
3324,7836,06:15:00
3325,9192,06:15:00
3326,8801,22:30:00
3327,59,06:15:00
3328,5810,07:30:00
3329,5466,22:15:00
3330,8075,15:34:00
3331,7129,15:30:00
3332,5338,22:30:00
3333,6688,07:30:00
3334,2303,07:30:00
3335,3869,06:15:00
3336,3154,14:15:00
3337,4401,08:42:00
3338,5516,21:00:00
3339,6661,06:00:00
3340,1078,15:30:00
3341,6061,08:42:00
3342,9963,23:42:00
3343,8963,08:42:00
3344,214,15:34:00
3345,1056,22:15:00
3346,4074,15:34:00
3347,6758,22:15:00
3348,8323,21:00:00
3349,8935,15:00:00
3350,3609,07:30:00
3351,9897,06:15:00
3352,3066,14:15:00
3353,7855,21:00:00
3354,5309,14:00:00
3355,3289,21:00:00
3356,4459,22:30:00
3357,4134,14:15:00
3358,596,07:00:00
3359,1165,23:42:00
3360,6177,22:15:00
3361,3188,21:00:00
3362,7742,07:00:00
3363,4935,06:15:00
3364,4880,06:00:00
3365,8095,14:00:00
3366,1742,15:00:00
3367,8497,23:42:00
3368,6859,15:00:00
3369,3383,21:00:00
3370,5514,08:42:00
3371,935,21:00:00
3372,4032,15:30:00
3373,8853,15:00:00
3374,7605,07:30:00
3375,8360,21:00:00
3376,9602,21:00:00
3377,6872,14:15:00
3378,8222,15:30:00
3379,1967,14:00:00
3380,2709,06:00:00
3381,1751,22:30:00
3382,6895,21:00:00
3383,3002,21:00:00
3384,6987,07:00:00
3385,9349,06:15:00
3386,2249,06:15:00
3387,7103,07:30:00
3388,4822,07:30:00
3389,3492,08:42:00
3390,1582,08:42:00
3391,351,23:42:00
3392,5340,08:42:00
3393,2524,21:00:00
3394,7031,14:15:00
3395,6703,15:00:00
3396,8388,21:00:00
3397,2499,15:34:00
3398,7788,23:42:00
3399,6434,15:30:00
3400,1102,15:00:00
3401,7955,15:00:00
3402,5257,06:00:00
3403,7430,22:15:00
3404,5298,06:00:00
3405,2088,06:15:00
3406,7425,14:00:00
3407,8158,06:15:00
3408,9562,21:00:00
3409,8878,06:00:00
3410,4388,14:15:00
3411,9787,14:00:00
3412,3038,07:30:00
3413,3328,06:00:00
3414,4020,07:30:00
3415,7760,14:15:00
3416,796,15:00:00
3417,8159,21:00:00
3418,5520,21:00:00
3419,8938,15:30:00
3420,7597,15:00:00
3421,1427,22:15:00
3422,2028,21:00:00
3423,7791,15:34:00
3424,2442,07:30:00
3425,8115,22:30:00
3426,6991,23:42:00
3427,5504,15:34:00
3428,8779,07:30:00
3429,9156,22:15:00
3430,1562,06:00:00
3431,1143,22:30:00
3432,3602,14:15:00
3433,665,07:00:00
3434,8342,22:30:00
3435,3336,21:00:00
3436,2405,21:00:00
3437,3263,08:42:00
3438,2920,22:30:00
3439,9767,23:42:00
3440,2327,06:15:00
3441,4777,14:00:00
3442,5579,07:00:00
3443,531,23:42:00
3444,8339,07:30:00
3445,7344,15:00:00
3446,550,07:00:00
3447,5927,06:15:00
3448,1547,22:30:00
3449,4019,23:42:00
3450,6294,07:00:00
3451,4800,14:15:00
3452,8462,15:00:00
3453,3883,23:42:00
3454,3507,14:15:00
3455,7264,15:30:00
3456,9867,22:30:00
3457,3545,06:15:00
3458,4042,22:30:00
3459,2581,15:00:00
3460,5268,15:30:00
3461,7354,08:42:00
3462,6541,15:30:00
3463,2640,21:00:00
3464,4655,14:15:00
3465,2900,07:30:00
3466,9432,14:00:00
3467,5063,07:00:00
3468,1460,22:15:00
3469,1262,15:00:00
3470,9395,06:00:00
3471,6137,22:15:00
3472,8692,15:34:00
3473,9279,21:00:00
3474,6823,07:30:00
3475,9751,15:30:00
3476,6153,23:42:00
3477,6026,15:30:00
3478,5144,23:42:00
3479,3725,21:00:00
3480,2928,06:00:00
3481,9789,23:42:00
3482,9455,22:30:00
3483,1388,22:30:00
3484,8733,07:30:00
3485,7730,06:00:00
3486,9330,15:00:00
3487,1991,06:15:00
3488,9083,06:15:00
3489,69,07:30:00
3490,3220,23:42:00
3491,3748,22:30:00
3492,9116,14:15:00
3493,1905,15:34:00
3494,2048,14:00:00
3495,7118,22:30:00
3496,124,15:30:00
3497,8645,23:42:00
3498,7657,21:00:00
3499,7219,07:00:00
3500,5391,07:00:00
3501,8587,21:00:00
3502,3997,06:15:00
3503,6444,22:30:00
3504,5647,21:00:00
3505,1908,08:42:00
3506,8846,15:00:00
3507,3543,22:15:00
3508,4695,06:15:00
3509,553,07:00:00
3510,3294,15:30:00
3511,8855,07:00:00
3512,2385,15:00:00
3513,3569,14:15:00
3514,9938,15:30:00
3515,7998,14:15:00
3516,7029,21:00:00
3517,9768,06:00:00
3518,6751,15:00:00
3519,2447,14:00:00
3520,2981,15:34:00
3521,5198,08:42:00
3522,4094,07:00:00
3523,4978,06:15:00
3524,4745,23:42:00
3525,8429,21:00:00
3526,6677,15:00:00
3527,7082,06:15:00
3528,1807,22:30:00
3529,2470,06:00:00
3530,7288,15:30:00
3531,5507,22:15:00
3532,9108,22:30:00
3533,2220,08:42:00
3534,3140,07:30:00
3535,8695,07:00:00
3536,7161,07:00:00
3537,6260,23:42:00
3538,7309,06:00:00
3539,3264,07:30:00
3540,9840,22:15:00
3541,5510,15:34:00
3542,7876,15:00:00
3543,2620,23:42:00
3544,5941,15:34:00
3545,8531,22:15:00
3546,1252,14:00:00
3547,6863,22:30:00
3548,708,22:15:00
3549,8825,14:15:00
3550,1339,06:00:00
3551,5635,23:42:00
3552,4648,21:00:00
3553,7213,06:15:00
3554,3271,21:00:00
3555,9926,06:00:00
3556,5126,06:00:00
3557,2111,14:00:00
3558,9791,14:15:00
3559,741,22:30:00
3560,8960,22:15:00
3561,4512,14:15:00
3562,963,07:00:00
3563,8575,07:30:00
3564,7004,22:15:00
3565,9930,21:00:00
3566,2425,22:30:00
3567,1668,15:34:00
3568,5153,21:00:00
3569,1426,14:00:00
3570,3875,21:00:00
3571,2014,14:15:00
3572,6584,07:30:00
3573,6343,07:30:00
3574,3074,15:34:00
3575,1431,06:00:00
3576,5611,23:42:00
3577,8383,07:00:00
3578,7888,15:30:00
3579,8845,15:34:00
3580,6009,07:00:00
3581,7542,14:00:00
3582,1912,23:42:00
3583,6298,07:00:00
3584,2615,06:15:00
3585,4211,21:00:00
3586,992,14:00:00
3587,8976,14:15:00
3588,2634,08:42:00
3589,7529,06:00:00
3590,3239,15:34:00
3591,9391,15:00:00
3592,5567,08:42:00
3593,8762,22:30:00
3594,5454,07:30:00
3595,3051,21:00:00
3596,5506,06:00:00
3597,9610,14:15:00
3598,973,06:00:00
3599,8670,21:00:00
3600,516,06:15:00
3601,8200,21:00:00
3602,8890,06:15:00
3603,1513,15:34:00
3604,6180,07:00:00
3605,8944,22:15:00
3606,7808,06:15:00
3607,3164,14:00:00
3608,6935,07:30:00
3609,2228,08:42:00
3610,9649,21:00:00
3611,4456,23:42:00
3612,5621,06:15:00
3613,526,08:42:00
3614,3110,21:00:00
3615,3915,08:42:00
3616,5386,08:42:00
3617,9634,06:00:00
3618,8658,14:00:00
3619,6900,21:00:00
3620,3071,14:15:00
3621,2268,22:15:00
3622,3050,07:30:00
3623,9676,08:42:00
3624,6085,14:15:00
3625,1003,22:15:00
3626,4004,21:00:00
3627,8594,14:00:00
3628,6210,21:00:00
3629,8108,06:00:00
3630,343,22:15:00
3631,1136,21:00:00
3632,8526,08:42:00
3633,7899,15:34:00
3634,9052,22:15:00
3635,1187,23:42:00
3636,5994,15:30:00
3637,3890,15:00:00
3638,4202,21:00:00
3639,3616,21:00:00
3640,3633,22:15:00
3641,7926,15:00:00
3642,8517,15:00:00
3643,9001,07:00:00
3644,9155,14:00:00
3645,5142,07:30:00
3646,4976,21:00:00
3647,8617,21:00:00
3648,2546,22:30:00
3649,111,15:00:00
3650,6145,07:00:00
3651,8929,07:00:00
3652,9639,15:34:00
3653,4298,14:00:00
3654,2250,15:00:00
3655,3031,14:15:00
3656,5515,14:15:00
3657,5017,21:00:00
3658,3295,22:15:00
3659,5899,22:15:00
3660,4002,14:00:00
3661,6197,21:00:00
3662,1439,21:00:00
3663,5008,15:00:00
3664,5607,21:00:00
3665,2919,14:00:00
3666,424,15:00:00
3667,1758,15:30:00
3668,3158,14:00:00
3669,2695,23:42:00
3670,7273,21:00:00
3671,9906,15:30:00
3672,7320,23:42:00
3673,671,22:15:00
3674,7945,06:00:00
3675,6592,21:00:00
3676,7038,15:00:00
3677,4956,15:00:00
3678,5360,21:00:00
3679,1580,15:00:00
3680,3537,14:15:00
3681,1576,14:15:00
3682,4250,22:15:00
3683,1432,06:15:00
3684,5904,22:30:00
3685,6545,21:00:00
3686,5094,06:15:00
3687,9377,22:30:00
3688,4559,15:34:00
3689,1325,06:15:00
3690,1769,14:00:00
3691,2498,22:15:00
3692,5852,21:00:00
3693,7982,08:42:00
3694,5832,22:30:00
3695,4431,15:30:00
3696,7706,14:15:00
3697,8458,21:00:00
3698,947,22:30:00
3699,7772,21:00:00
3700,1597,07:30:00
3701,2873,22:30:00
3702,542,07:00:00
3703,8548,14:00:00
3704,888,22:30:00
3705,8180,21:00:00
3706,9605,23:42:00
3707,8357,22:15:00
3708,3848,06:00:00
3709,9005,21:00:00
3710,9438,21:00:00
3711,1399,07:00:00
3712,5613,06:00:00
3713,2155,07:30:00
3714,599,06:00:00
3715,968,14:00:00
3716,4380,14:00:00
3717,508,07:30:00
3718,6380,22:15:00
3719,6543,06:00:00
3720,26,14:00:00
3721,9577,14:00:00
3722,5003,15:34:00
3723,7622,21:00:00
3724,892,06:00:00
3725,9727,15:00:00
3726,1920,07:00:00
3727,8409,15:00:00
3728,3991,14:00:00
3729,502,07:30:00
3730,225,07:30:00
3731,8387,15:30:00
3732,1861,07:00:00
3733,4038,07:30:00
3734,834,08:42:00
3735,8530,14:00:00
3736,4864,14:00:00
3737,2838,23:42:00
3738,7941,22:15:00
3739,6479,15:30:00
3740,8519,15:00:00
3741,1877,06:00:00
3742,6845,22:30:00
3743,200,23:42:00
3744,5332,08:42:00
3745,180,06:00:00
3746,403,14:15:00
3747,2329,21:00:00
3748,6893,14:15:00
3749,7156,07:00:00
3750,1805,22:15:00
3751,6705,07:30:00
3752,6548,21:00:00
3753,7,15:30:00
3754,84,06:00:00
3755,50,07:30:00
3756,7818,15:30:00
3757,8564,23:42:00
3758,6582,21:00:00
3759,2084,21:00:00
3760,846,22:15:00
3761,2314,07:30:00
3762,1850,15:30:00
3763,6007,08:42:00
3764,1457,14:15:00
3765,2582,08:42:00
3766,3341,23:42:00
3767,428,15:00:00
3768,9546,15:30:00
3769,3437,22:15:00
3770,3365,14:00:00
3771,8491,23:42:00
3772,460,21:00:00
3773,1884,21:00:00
3774,8952,21:00:00
3775,224,22:30:00
3776,8567,14:15:00
3777,4936,15:00:00
3778,5245,21:00:00
3779,979,22:30:00
3780,3146,07:00:00
3781,7492,15:00:00
3782,2225,08:42:00
3783,295,15:34:00
3784,5663,15:30:00
3785,4622,08:42:00
3786,1493,22:15:00
3787,4818,15:34:00
3788,5166,21:00:00
3789,2538,06:00:00
3790,2557,23:42:00
3791,1287,07:00:00
3792,1272,07:30:00
3793,6200,06:15:00
3794,4707,14:15:00
3795,1607,08:42:00
3796,5202,22:15:00
3797,4656,08:42:00
3798,6185,06:00:00
3799,1359,23:42:00
3800,1856,06:00:00
3801,5542,21:00:00
3802,1874,06:00:00
3803,1639,07:00:00
3804,3747,15:00:00
3805,4897,06:00:00
3806,8810,21:00:00
3807,9439,21:00:00
3808,3445,22:30:00
3809,2929,15:00:00
3810,9190,22:15:00
3811,5302,23:42:00
3812,397,22:30:00
3813,9493,22:30:00
3814,5889,14:15:00
3815,3148,07:30:00
3816,2464,21:00:00
3817,2985,15:30:00
3818,6810,15:34:00
3819,9534,23:42:00
3820,6340,07:00:00
3821,8842,06:00:00
3822,830,15:30:00
3823,2502,06:15:00
3824,8893,07:30:00
3825,5666,23:42:00
3826,9559,23:42:00
3827,4110,15:00:00
3828,1652,15:30:00
3829,116,15:30:00
3830,9113,22:30:00
3831,7751,15:30:00
3832,619,06:15:00
3833,9866,06:00:00
3834,8940,14:15:00
3835,9912,22:15:00
3836,1383,15:34:00
3837,8024,07:00:00
3838,4657,06:00:00
3839,7407,22:15:00
3840,6603,14:15:00
3841,6447,07:00:00
3842,6628,07:00:00
3843,9453,08:42:00
3844,7737,08:42:00
3845,3113,07:30:00
3846,5797,22:15:00
3847,7221,08:42:00
3848,6308,15:30:00
3849,9799,22:30:00
3850,7017,14:00:00
3851,4737,06:15:00
3852,6772,15:30:00
3853,1503,22:30:00
3854,7173,06:00:00
3855,1279,14:00:00
3856,9983,22:15:00
3857,6118,08:42:00
3858,8724,21:00:00
3859,7630,07:30:00
3860,6291,21:00:00
3861,2842,14:15:00
3862,3114,21:00:00
3863,1785,06:00:00
3864,6472,07:00:00
3865,8310,07:30:00
3866,994,14:15:00
3867,2945,15:30:00
3868,4078,15:30:00
3869,4154,14:15:00
3870,7414,07:30:00
3871,8954,23:42:00
3872,1743,22:30:00
3873,7700,14:15:00
3874,2022,14:00:00
3875,1563,07:30:00
3876,9949,23:42:00
3877,7560,06:00:00
3878,1922,14:15:00
3879,6556,15:00:00
3880,2764,23:42:00
3881,8776,15:30:00
3882,6510,22:15:00
3883,666,07:30:00
3884,5101,21:00:00
3885,6522,22:30:00
3886,6822,15:34:00
3887,4609,07:30:00
3888,9059,15:30:00
3889,560,06:00:00
3890,759,06:00:00
3891,8818,15:00:00
3892,7936,15:34:00
3893,2650,22:15:00
3894,1680,21:00:00
3895,5559,08:42:00
3896,9948,21:00:00
3897,3669,15:34:00
3898,3805,22:30:00
3899,4444,07:30:00
3900,7736,08:42:00
3901,2174,21:00:00
3902,5201,07:00:00
3903,9532,06:00:00
3904,9179,22:15:00
3905,6920,15:00:00
3906,6152,15:34:00
3907,5087,15:34:00
3908,1466,15:34:00
3909,5578,15:30:00
3910,3238,07:00:00
3911,3503,14:00:00
3912,6694,15:34:00
3913,3293,21:00:00
3914,5988,22:30:00
3915,6712,22:15:00
3916,8655,15:34:00
3917,7929,23:42:00
3918,3413,21:00:00
3919,1052,21:00:00
3920,6016,06:00:00
3921,2150,06:00:00
3922,7539,14:00:00
3923,3994,06:00:00
3924,8628,21:00:00
3925,1677,14:15:00
3926,6922,14:00:00
3927,4643,22:30:00
3928,8750,21:00:00
3929,1496,15:00:00
3930,9774,15:30:00
3931,8379,15:34:00
3932,5952,15:30:00
3933,2049,15:34:00
3934,572,06:15:00
3935,223,07:00:00
3936,1965,21:00:00
3937,7804,07:00:00
3938,6496,08:42:00
3939,929,15:34:00
3940,3828,22:30:00
3941,3895,15:34:00
3942,2624,14:00:00
3943,1172,15:34:00
3944,726,21:00:00
3945,1218,14:15:00
3946,3361,21:00:00
3947,1442,22:30:00
3948,8712,07:00:00
3949,3950,15:34:00
3950,1090,21:00:00
3951,4820,15:34:00
3952,9302,15:30:00
3953,3360,22:15:00
3954,2585,21:00:00
3955,7124,21:00:00
3956,8533,14:15:00
3957,4175,15:00:00
3958,2326,15:34:00
3959,8841,15:34:00
3960,3974,22:30:00
3961,6855,08:42:00
3962,5297,21:00:00
3963,296,21:00:00
3964,7670,14:15:00
3965,3286,06:15:00
3966,8042,14:15:00
3967,6808,14:15:00
3968,6128,06:15:00
3969,850,21:00:00
3970,1509,07:00:00
3971,1341,15:34:00
3972,1217,22:15:00
3973,4259,07:00:00
3974,1823,07:30:00
3975,56,15:00:00
3976,6478,06:00:00
3977,7866,06:00:00
3978,2961,06:00:00
3979,5696,15:34:00
3980,7889,23:42:00
3981,7359,07:00:00
3982,3299,14:00:00
3983,757,21:00:00
3984,9776,15:00:00
3985,5133,21:00:00
3986,2239,23:42:00
3987,1321,22:15:00
3988,8821,15:00:00
3989,3463,15:30:00
3990,9339,15:00:00
3991,8303,15:00:00
3992,8684,08:42:00
3993,854,14:15:00
3994,5856,15:34:00
3995,8319,22:30:00
3996,3687,21:00:00
3997,2007,15:00:00
3998,5702,07:30:00
3999,5617,06:15:00
4000,3282,22:15:00
4001,2518,23:42:00
4002,3648,07:00:00
4003,3967,14:00:00
4004,3942,14:15:00
4005,4930,15:00:00
4006,6488,14:00:00
4007,6405,06:15:00
4008,1319,06:15:00
4009,4792,15:34:00
4010,4833,06:00:00
4011,2527,15:34:00
4012,2905,15:34:00
4013,8113,21:00:00
4014,7449,08:42:00
4015,9788,14:00:00
4016,3519,06:00:00
4017,3352,23:42:00
4018,2315,21:00:00
4019,7649,14:15:00
4020,556,22:30:00
4021,139,14:15:00
4022,723,22:15:00
4023,8783,14:00:00
4024,4479,22:30:00
4025,8345,06:00:00
4026,1284,15:00:00
4027,1532,21:00:00
4028,4276,14:15:00
4029,3385,15:34:00
4030,1640,06:15:00
4031,9399,14:00:00
4032,528,06:00:00
4033,7811,07:30:00
4034,2717,23:42:00
4035,1043,15:30:00
4036,1313,22:15:00
4037,8595,08:42:00
4038,6162,21:00:00
4039,62,06:00:00
4040,1216,15:30:00
4041,9817,22:15:00
4042,7738,23:42:00
4043,354,22:15:00
4044,7220,23:42:00
4045,1708,14:15:00
4046,5321,14:15:00
4047,2697,21:00:00
4048,2477,07:30:00
4049,7806,06:00:00
4050,7053,08:42:00
4051,7675,21:00:00
4052,4824,06:15:00
4053,7733,07:30:00
4054,966,22:30:00
4055,285,21:00:00
4056,6853,06:15:00
4057,3354,06:15:00
4058,7761,14:00:00
4059,4809,15:34:00
4060,4267,14:15:00
4061,3067,22:15:00
4062,5288,21:00:00
4063,8988,21:00:00
4064,4092,06:15:00
4065,1925,06:00:00
4066,4568,22:15:00
4067,3988,21:00:00
4068,9127,22:30:00
4069,8425,21:00:00
4070,9167,21:00:00
4071,1510,22:30:00
4072,880,06:00:00
4073,8465,15:30:00
4074,8710,14:00:00
4075,4221,21:00:00
4076,2645,07:00:00
4077,5991,07:00:00
4078,1360,22:30:00
4079,4611,21:00:00
4080,9228,21:00:00
4081,6004,14:15:00
4082,3640,08:42:00
4083,2411,21:00:00
4084,4560,15:00:00
4085,3686,07:30:00
4086,1275,06:00:00
4087,8173,06:00:00
4088,6550,07:30:00
4089,1059,14:00:00
4090,9222,15:00:00
4091,8321,23:42:00
4092,4320,22:30:00
4093,3576,15:30:00
4094,4421,21:00:00
4095,1191,15:34:00
4096,1042,06:00:00
4097,9109,08:42:00
4098,1832,15:34:00
4099,9572,07:00:00
4100,1649,07:30:00
4101,5876,06:15:00
4102,663,07:30:00
4103,8998,06:15:00
4104,2482,22:30:00
4105,8989,15:30:00
4106,2384,22:30:00
4107,6668,06:00:00
4108,2856,22:15:00
4109,238,14:15:00
4110,8708,23:42:00
4111,9835,21:00:00
4112,472,15:30:00
4113,7996,22:15:00
4114,577,14:00:00
4115,9223,06:00:00
4116,8396,15:00:00
4117,1523,15:00:00
4118,7747,06:15:00
4119,3595,14:00:00
4120,8677,23:42:00
4121,1309,21:00:00
4122,4255,07:30:00
4123,3722,21:00:00
4124,3484,21:00:00
4125,9991,22:15:00
4126,3347,06:15:00
4127,309,23:42:00
4128,6435,06:00:00
4129,9288,23:42:00
4130,4405,22:30:00
4131,3899,22:30:00
4132,5174,14:15:00
4133,3800,23:42:00
4134,6477,06:00:00
4135,5334,07:30:00
4136,4488,15:34:00
4137,8813,08:42:00
4138,4079,06:00:00
4139,2627,06:00:00
4140,5959,06:00:00
4141,4316,07:00:00
4142,6351,23:42:00
4143,9148,07:30:00
4144,7652,14:00:00
4145,6680,15:34:00
4146,2744,14:15:00
4147,7980,22:30:00
4148,4979,23:42:00
4149,7612,14:15:00
4150,3416,08:42:00
4151,7076,15:00:00
4152,9217,21:00:00
4153,4770,15:00:00
4154,6565,08:42:00
4155,1270,06:00:00
4156,8195,06:15:00
4157,7205,07:30:00
4158,4634,08:42:00
4159,686,22:30:00
4160,6870,22:30:00
4161,1687,07:30:00
4162,8561,15:34:00
4163,2143,15:34:00
4164,3434,06:15:00
4165,9144,21:00:00
4166,5540,14:00:00
4167,8755,08:42:00
4168,476,06:00:00
4169,8477,14:15:00
4170,1860,07:00:00
4171,9029,14:00:00
4172,4119,14:15:00
4173,8850,15:00:00
4174,1662,06:00:00
4175,6423,15:34:00
4176,6379,21:00:00
4177,1788,15:34:00
4178,4664,22:30:00
4179,1924,14:00:00
4180,3272,06:00:00
4181,6367,14:00:00
4182,3801,23:42:00
4183,3112,08:42:00
4184,3296,08:42:00
4185,8141,22:30:00
4186,3472,07:30:00
4187,895,08:42:00
4188,405,21:00:00
4189,2368,23:42:00
4190,4908,22:30:00
4191,289,06:15:00
4192,2219,14:00:00
4193,7693,07:30:00
4194,1689,22:30:00
4195,4474,15:30:00
4196,3726,15:34:00
4197,7995,22:15:00
4198,7762,08:42:00
4199,6189,15:30:00
4200,514,14:00:00
4201,9270,21:00:00
4202,9843,06:00:00
4203,1892,07:00:00
4204,5874,07:00:00
4205,8508,15:00:00
4206,2651,06:00:00
4207,2886,15:30:00
4208,1063,14:15:00
4209,3456,08:42:00
4210,3641,06:15:00
4211,7890,23:42:00
4212,6655,07:00:00
4213,8720,21:00:00
4214,4842,21:00:00
4215,4724,15:00:00
4216,9007,06:15:00
4217,3552,06:15:00
4218,4138,06:15:00
4219,1151,23:42:00
4220,1784,07:30:00
4221,7242,14:15:00
4222,2630,07:30:00
4223,8539,23:42:00
4224,4829,06:15:00
4225,2335,15:34:00
4226,1663,07:30:00
4227,3465,21:00:00
4228,2231,23:42:00
4229,3481,23:42:00
4230,1291,15:30:00
4231,4352,14:15:00
4232,8449,15:00:00
4233,1007,15:00:00
4234,1932,15:30:00
4235,6934,15:30:00
4236,5064,08:42:00
4237,1536,21:00:00
4238,6790,07:00:00
4239,7030,14:15:00
4240,3065,14:00:00
4241,1114,22:30:00
4242,7613,06:15:00
4243,9848,14:15:00
4244,4937,21:00:00
4245,3913,06:15:00
4246,9215,23:42:00
4247,5573,06:15:00
4248,5747,14:00:00
4249,1054,15:00:00
4250,8215,15:34:00
4251,4265,22:30:00
4252,3694,21:00:00
4253,2543,07:00:00
4254,3579,14:00:00
4255,7390,15:34:00
4256,7695,14:15:00
4257,3556,23:42:00
4258,6225,21:00:00
4259,3908,21:00:00
4260,6736,21:00:00
4261,2992,22:30:00
4262,9407,14:00:00
4263,6175,23:42:00
4264,3898,14:00:00
4265,4102,15:00:00
4266,5961,06:15:00
4267,2037,08:42:00
4268,4702,21:00:00
4269,8788,08:42:00
4270,3689,22:15:00
4271,1146,07:30:00
4272,8056,21:00:00
4273,6544,08:42:00
4274,3766,21:00:00
4275,6413,22:30:00
4276,6221,07:00:00
4277,8565,21:00:00
4278,454,06:15:00
4279,4457,06:15:00
4280,3940,22:30:00
4281,2033,15:30:00
4282,3103,07:30:00
4283,6126,15:00:00
4284,7436,22:15:00
4285,4296,21:00:00
4286,2654,22:15:00
4287,4132,06:00:00
4288,1277,06:00:00
4289,9524,21:00:00
4290,9691,14:00:00
4291,4761,06:00:00
4292,6083,22:30:00
4293,7366,08:42:00
4294,725,07:30:00
4295,1266,15:00:00
4296,5244,22:15:00
4297,9396,14:15:00
4298,3930,15:30:00
4299,135,22:30:00
4300,9745,07:00:00
4301,7814,15:00:00
4302,3608,06:15:00
4303,2939,15:00:00
4304,7042,22:30:00
4305,2614,22:30:00
4306,9128,08:42:00
4307,8452,23:42:00
4308,4281,21:00:00
4309,6801,22:30:00
4310,6517,23:42:00
4311,8292,08:42:00
4312,890,23:42:00
4313,8218,06:15:00
4314,9361,21:00:00
4315,9612,15:34:00
4316,4252,15:34:00
4317,6816,06:15:00
4318,9724,07:30:00
4319,2907,23:42:00
4320,9588,21:00:00
4321,3628,07:30:00
4322,7163,23:42:00
4323,4309,21:00:00
4324,9362,21:00:00
4325,8402,15:34:00
4326,4685,22:15:00
4327,3319,22:15:00
4328,7728,22:30:00
4329,3708,21:00:00
4330,9530,15:34:00
4331,7469,22:15:00
4332,1527,06:00:00
4333,6927,15:30:00
4334,4687,07:30:00
4335,8220,07:00:00
4336,6431,22:15:00
4337,5865,14:00:00
4338,5595,08:42:00
4339,3267,15:34:00
4340,4406,22:30:00
4341,2629,14:00:00
4342,4617,14:00:00
4343,3728,15:34:00
4344,3732,14:15:00
4345,3631,23:42:00
4346,1599,22:15:00
4347,7455,15:00:00
4348,6312,07:30:00
4349,7609,15:34:00
4350,4896,14:15:00
4351,197,15:00:00
4352,1934,07:30:00
4353,9629,06:00:00
4354,2649,14:15:00
4355,5939,23:42:00
4356,2307,14:00:00
4357,9763,06:00:00
4358,6160,06:00:00
4359,7525,21:00:00
4360,4372,06:15:00
4361,9159,06:00:00
4362,6538,06:00:00
4363,5706,15:34:00
4364,1026,21:00:00
4365,3215,14:15:00
4366,9186,08:42:00
4367,3738,14:00:00
4368,632,15:30:00
4369,3398,06:15:00
4370,2481,06:15:00
4371,3159,07:30:00
4372,6065,15:34:00
4373,7193,07:00:00
4374,9050,08:42:00
4375,6800,21:00:00
4376,1476,07:00:00
4377,7215,15:00:00
4378,7137,14:15:00
4379,1396,15:34:00
4380,9914,22:30:00
4381,7486,21:00:00
4382,8727,15:30:00
4383,9036,14:00:00
4384,4377,08:42:00
4385,2388,14:00:00
4386,2210,15:00:00
4387,7248,15:30:00
4388,3147,15:00:00
4389,2416,07:00:00
4390,2003,14:15:00
4391,4732,22:15:00
4392,3981,15:00:00
4393,4261,23:42:00
4394,5739,15:00:00
4395,5088,14:00:00
4396,5909,08:42:00
4397,3178,08:42:00
4398,5830,23:42:00
4399,9579,22:15:00
4400,4247,21:00:00
4401,4604,08:42:00
4402,8761,22:30:00
4403,3457,21:00:00
4404,5882,07:00:00
4405,2754,23:42:00
4406,9961,21:00:00
4407,4596,21:00:00
4408,4806,06:15:00
4409,9171,15:34:00
4410,4779,23:42:00
4411,9614,15:00:00
4412,4556,23:42:00
4413,7203,06:00:00
4414,546,14:15:00
4415,3674,07:30:00
4416,3172,07:00:00
4417,7451,06:15:00
4418,4620,15:34:00
4419,9690,15:00:00
4420,6102,22:15:00
4421,382,22:15:00
4422,845,21:00:00
4423,7720,07:00:00
4424,4050,07:30:00
4425,5124,06:15:00
4426,5276,15:34:00
4427,5348,22:15:00
4428,1941,15:00:00
4429,1583,06:00:00
4430,8341,06:00:00
4431,7940,06:00:00
4432,4481,22:30:00
4433,1959,15:30:00
4434,5907,15:00:00
4435,136,06:00:00
4436,6606,14:15:00
4437,5304,15:34:00
4438,7128,08:42:00
4439,2736,22:30:00
4440,4055,21:00:00
4441,6675,08:42:00
4442,8196,07:00:00
4443,3226,15:00:00
4444,1716,06:15:00
4445,7833,15:34:00
4446,2165,22:15:00
4447,4749,14:00:00
4448,7766,06:15:00
4449,8001,14:15:00
4450,3411,15:34:00
4451,7552,22:30:00
4452,858,21:00:00
4453,6195,21:00:00
4454,1653,23:42:00
4455,2828,14:15:00
4456,6369,15:34:00
4457,810,06:00:00
4458,8948,15:00:00
4459,9458,15:00:00
4460,4630,14:15:00
4461,3673,15:00:00
4462,8916,15:34:00
4463,3274,21:00:00
4464,8612,07:00:00
4465,7740,08:42:00
4466,9239,23:42:00
4467,3085,14:15:00
4468,4932,06:15:00
4469,7370,21:00:00
4470,9354,07:00:00
4471,610,22:30:00
4472,7566,21:00:00
4473,2196,21:00:00
4474,9066,22:30:00
4475,2182,08:42:00
4476,6476,15:34:00
4477,5711,15:30:00
4478,2406,15:00:00
4479,3873,14:00:00
4480,6554,14:15:00
4481,3258,07:30:00
4482,743,07:00:00
4483,7950,22:15:00
4484,5167,22:30:00
4485,1600,15:34:00
4486,1550,14:15:00
4487,2245,21:00:00
4488,4794,21:00:00
4489,3446,06:00:00
4490,7842,22:30:00
4491,5227,07:00:00
4492,2911,22:30:00
4493,7909,15:00:00
4494,8592,15:30:00
4495,7666,15:00:00
4496,5529,15:00:00
4497,4928,08:42:00
4498,9417,22:15:00
4499,625,07:30:00
4500,3449,21:00:00
4501,161,21:00:00
4502,491,08:42:00
4503,8766,15:30:00
4504,7773,23:42:00
4505,1556,23:42:00
4506,7983,14:00:00
4507,3231,21:00:00
4508,1779,08:42:00
4509,6941,08:42:00
4510,8666,06:15:00
4511,7070,21:00:00
4512,8258,15:34:00
4513,7028,21:00:00
4514,1651,22:30:00
4515,8021,15:00:00
4516,379,08:42:00
4517,3520,06:15:00
4518,8459,07:30:00
4519,6704,07:00:00
4520,9599,06:15:00
4521,5623,07:00:00
4522,1748,15:30:00
4523,5548,15:00:00
4524,8471,14:15:00
4525,2374,15:00:00
4526,450,21:00:00
4527,4435,06:15:00
4528,803,14:00:00
4529,503,14:00:00
4530,6495,15:30:00
4531,3723,14:00:00
4532,5163,07:30:00
4533,5370,21:00:00
4534,7679,14:15:00
4535,9197,06:15:00
4536,7923,21:00:00
4537,6165,22:15:00
4538,3791,15:30:00
4539,4385,14:00:00
4540,9266,07:00:00
4541,477,21:00:00
4542,7865,06:15:00
4543,4484,14:00:00
4544,8974,22:15:00
4545,363,07:30:00
4546,5749,15:00:00
4547,4715,07:30:00
4548,1448,21:00:00
4549,8656,22:30:00
4550,3833,15:34:00
4551,8428,23:42:00
4552,2901,22:15:00
4553,7567,21:00:00
4554,259,22:15:00
4555,6263,14:15:00
4556,9801,21:00:00
4557,4972,15:34:00
4558,9715,07:30:00
4559,6101,06:15:00
4560,2601,06:00:00
4561,9476,06:00:00
4562,9046,14:15:00
4563,3376,08:42:00
4564,1033,07:00:00
4565,1644,23:42:00
4566,9773,08:42:00
4567,7343,22:30:00
4568,9390,06:15:00
4569,8127,21:00:00
4570,2983,15:34:00
4571,8543,08:42:00
4572,2271,22:15:00
4573,4287,14:00:00
4574,475,21:00:00
4575,6984,21:00:00
4576,1868,06:00:00
4577,9772,21:00:00
4578,9030,14:00:00
4579,8496,07:30:00
4580,9200,14:15:00
4581,2587,14:00:00
4582,3100,21:00:00
4583,2094,23:42:00
4584,7799,21:00:00
4585,5807,21:00:00
4586,9095,07:00:00
4587,5940,14:00:00
4588,5493,22:15:00
4589,1394,07:30:00
4590,3133,06:00:00
4591,9795,15:30:00
4592,2300,14:15:00
4593,1105,21:00:00
4594,7680,14:15:00
4595,7787,06:00:00
4596,4540,07:30:00
4597,3367,22:30:00
4598,4830,08:42:00
4599,8261,15:34:00
4600,7828,08:42:00
4601,3030,22:15:00
4602,8661,21:00:00
4603,9694,06:00:00
4604,6821,14:15:00
4605,4059,08:42:00
4606,835,08:42:00
4607,1632,22:15:00
4608,4201,14:00:00
4609,5043,21:00:00
4610,1011,21:00:00
4611,4962,14:15:00
4612,3812,23:42:00
4613,4691,06:15:00
4614,4113,07:30:00
4615,3058,06:15:00
4616,4361,22:30:00
4617,9434,23:42:00
4618,1876,21:00:00
4619,1756,15:34:00
4620,5071,07:00:00
4621,9915,21:00:00
4622,6733,07:30:00
4623,6223,21:00:00
4624,1819,21:00:00
4625,4811,07:00:00
4626,8356,06:00:00
4627,9194,14:00:00
4628,6063,15:34:00
4629,5614,21:00:00
4630,9240,07:30:00
4631,744,15:00:00
4632,5164,15:30:00
4633,5934,08:42:00
4634,9752,06:00:00
4635,3149,07:30:00
4636,6710,22:30:00
4637,6831,06:00:00
4638,5658,15:34:00
4639,5225,15:30:00
4640,1424,21:00:00
4641,8852,08:42:00
4642,6914,06:00:00
4643,5081,14:00:00
4644,8690,23:42:00
4645,3121,06:00:00
4646,5459,07:30:00
4647,2617,22:15:00
4648,6974,14:15:00
4649,2868,07:30:00
4650,1534,15:34:00
4651,5434,22:15:00
4652,5150,06:15:00
4653,4844,08:42:00
4654,6464,15:00:00
4655,7999,22:15:00
4656,6169,22:30:00
4657,659,08:42:00
4658,5464,22:30:00
4659,9714,21:00:00
4660,5405,14:15:00
4661,3368,07:30:00
4662,5157,07:30:00
4663,3153,07:00:00
4664,1040,22:15:00
4665,964,15:00:00
4666,6033,15:00:00
4667,9079,15:30:00
4668,9521,14:00:00
4669,4076,15:34:00
4670,196,06:15:00
4671,5541,15:30:00
4672,3088,07:30:00
4673,4541,14:15:00
4674,6192,07:30:00
4675,1555,14:00:00
4676,7665,07:30:00
4677,4248,15:34:00
4678,8580,15:00:00
4679,3643,21:00:00
4680,4758,21:00:00
4681,7642,15:30:00
4682,8936,21:00:00
4683,1035,22:30:00
4684,3062,15:34:00
4685,3169,22:15:00
4686,9204,15:00:00
4687,3622,07:30:00
4688,4531,06:15:00
4689,8986,22:30:00
4690,4100,21:00:00
4691,8650,15:00:00
4692,653,15:34:00
4693,5121,07:30:00
4694,806,08:42:00
4695,4496,08:42:00
4696,1977,21:00:00
4697,956,08:42:00
4698,8438,21:00:00
4699,3737,07:00:00
4700,6059,08:42:00
4701,1261,15:00:00
4702,5481,23:42:00
4703,1982,06:00:00
4704,2994,06:15:00
4705,3746,15:00:00
4706,2742,23:42:00
4707,4898,08:42:00
4708,3412,07:00:00
4709,651,21:00:00
4710,8939,14:15:00
4711,1619,23:42:00
4712,4589,15:34:00
4713,10,21:00:00
4714,5023,15:34:00
4715,9038,14:00:00
4716,2875,21:00:00
4717,1815,07:00:00
4718,9071,15:30:00
4719,8432,07:30:00
4720,2729,15:30:00
4721,1085,14:00:00
4722,8034,22:15:00
4723,4595,14:00:00
4724,4087,07:00:00
4725,4205,23:42:00
4726,7200,15:00:00
4727,2010,08:42:00
4728,2789,21:00:00
4729,629,14:15:00
4730,3910,22:15:00
4731,7162,06:00:00
4732,2394,06:00:00
4733,9670,15:00:00
4734,2085,06:15:00
4735,2607,07:00:00
4736,8097,06:00:00
4737,1430,14:15:00
4738,5501,23:42:00
4739,342,14:00:00
4740,1024,22:30:00
4741,6871,06:00:00
4742,3893,23:42:00
4743,4114,07:30:00
4744,3373,15:00:00
4745,3588,14:00:00
4746,9766,06:00:00
4747,2646,07:00:00
4748,2825,06:15:00
4749,2005,15:34:00
4750,1526,23:42:00
4751,1725,15:30:00
4752,1243,07:00:00
4753,9189,22:15:00
4754,7323,22:15:00
4755,9999,06:15:00
4756,9641,15:00:00
4757,3999,06:00:00
4758,3101,06:15:00
4759,8416,15:34:00
4760,1147,14:15:00
4761,1545,07:30:00
4762,8264,06:15:00
4763,781,14:15:00
4764,9584,22:15:00
4765,5449,22:30:00
4766,9088,14:15:00
4767,6796,06:00:00
4768,2565,06:00:00
4769,9496,15:30:00
4770,7018,15:30:00
4771,4597,06:15:00
4772,532,14:00:00
4773,4471,15:30:00
4774,5672,21:00:00
4775,8098,22:15:00
4776,335,15:34:00
4777,4066,15:34:00
4778,5851,08:42:00
4779,7113,14:00:00
4780,6993,22:15:00
4781,9311,22:30:00
4782,4693,07:30:00
4783,5908,21:00:00
4784,2906,14:15:00
4785,2179,07:00:00
4786,5965,21:00:00
4787,1826,15:30:00
4788,1483,23:42:00
4789,2160,21:00:00
4790,8191,14:15:00
4791,1984,22:15:00
4792,587,21:00:00
4793,3531,21:00:00
4794,4641,07:30:00
4795,2531,21:00:00
4796,2091,06:15:00
4797,9363,06:15:00
4798,997,21:00:00
4799,4789,06:00:00
4800,7533,21:00:00
4801,2222,15:34:00
4802,9793,21:00:00
4803,8623,22:30:00
4804,6323,21:00:00
4805,5700,07:30:00
4806,1533,21:00:00
4807,8077,21:00:00
4808,9188,07:30:00
4809,4142,08:42:00
4810,3969,14:15:00
4811,8563,22:30:00
4812,4768,15:30:00
4813,1525,15:30:00
4814,2101,14:15:00
4815,6015,06:15:00
4816,8335,21:00:00
4817,7987,15:34:00
4818,5955,21:00:00
4819,6119,15:34:00
4820,2812,07:00:00
4821,5401,23:42:00
4822,4598,15:30:00
4823,1301,07:00:00
4824,4599,06:15:00
4825,2493,15:00:00
4826,4519,15:30:00
4827,1100,15:34:00
4828,6392,15:30:00
4829,6929,06:15:00
4830,9805,22:30:00
4831,9765,15:34:00
4832,4419,15:00:00
4833,1672,06:00:00
4834,768,21:00:00
4835,8050,21:00:00
4836,3466,22:15:00
4837,1031,21:00:00
4838,3977,15:34:00
4839,5917,07:00:00
4840,5349,15:34:00
4841,2623,14:15:00
4842,704,22:30:00
4843,9437,15:00:00
4844,3797,06:15:00
4845,9146,15:00:00
4846,1079,15:30:00
4847,5203,06:15:00
4848,6122,08:42:00
4849,7383,21:00:00
4850,8314,15:00:00
4851,5092,22:15:00
4852,8265,06:00:00
4853,3757,15:30:00
4854,1636,08:42:00
4855,3751,21:00:00
4856,9480,15:00:00
4857,4773,06:15:00
4858,7659,15:34:00
4859,7697,07:30:00
4860,1522,21:00:00
4861,3426,15:00:00
4862,153,07:00:00
4863,3402,06:00:00
4864,8780,14:15:00
4865,217,14:00:00
4866,3829,06:00:00
4867,4441,22:30:00
4868,2164,21:00:00
4869,6430,23:42:00
4870,4323,22:15:00
4871,6317,22:15:00
4872,1224,21:00:00
4873,9134,23:42:00
4874,3461,21:00:00
4875,1112,15:34:00
4876,9934,14:00:00
4877,1037,22:15:00
4878,8627,15:30:00
4879,1140,15:30:00
4880,9378,06:15:00
4881,2690,07:00:00
4882,3978,07:00:00
4883,5147,14:00:00
4884,2968,22:30:00
4885,1420,06:15:00
4886,9032,06:15:00
4887,4988,07:30:00
4888,9644,22:15:00
4889,5287,14:00:00
4890,687,07:00:00
4891,3661,08:42:00
4892,2496,15:30:00
4893,4808,14:00:00
4894,3375,15:34:00
4895,7975,15:30:00
4896,2777,21:00:00
4897,1127,06:15:00
4898,4564,07:00:00
4899,6124,14:15:00
4900,5937,07:00:00
4901,8454,23:42:00
4902,97,23:42:00
4903,8715,21:00:00
4904,4182,15:00:00
4905,6764,06:00:00
4906,645,21:00:00
4907,2492,15:00:00
4908,7444,15:34:00
4909,6514,15:00:00
4910,365,15:34:00
4911,8370,15:00:00
4912,9336,22:15:00
4913,3606,21:00:00
4914,5483,14:15:00
4915,6616,15:34:00
4916,2254,22:30:00
4917,5820,15:00:00
4918,221,07:00:00
4919,3037,22:15:00
4920,9220,22:15:00
4921,5980,07:30:00
4922,2433,21:00:00
4923,7984,21:00:00
4924,1354,15:00:00
4925,3141,21:00:00
4926,871,15:30:00
4927,5136,22:30:00
4928,1623,06:15:00
4929,5686,06:00:00
4930,7178,14:00:00
4931,6699,15:30:00
4932,6720,15:34:00
4933,3917,07:00:00
4934,7375,23:42:00
4935,4367,22:30:00
4936,2846,15:34:00
4937,750,22:15:00
4938,5024,23:42:00
4939,7654,07:00:00
4940,937,06:00:00
4941,794,08:42:00
4942,4872,14:15:00
4943,4591,07:30:00
4944,5109,21:00:00
4945,5922,06:15:00
4946,8473,06:00:00
4947,7302,07:00:00
4948,1688,08:42:00
4949,1918,15:30:00
4950,2123,21:00:00
4951,7660,07:00:00
4952,7870,22:30:00
4953,7604,08:42:00
4954,5272,08:42:00
4955,6230,21:00:00
4956,3788,06:15:00
4957,6347,22:30:00
4958,7298,08:42:00
4959,6607,23:42:00
4960,2964,22:30:00
4961,1803,06:15:00
4962,6528,14:15:00
4963,7839,15:30:00
4964,8768,22:15:00
4965,813,07:00:00
4966,3693,22:15:00
4967,1139,21:00:00
4968,4947,14:15:00
4969,384,06:15:00
4970,907,06:15:00
4971,6907,22:15:00
4972,8249,06:15:00
4973,578,08:42:00
4974,2715,14:15:00
4975,6918,21:00:00
4976,6385,14:15:00
4977,5963,07:00:00
4978,5413,15:00:00
4979,4644,22:30:00
4980,1972,21:00:00
4981,8807,15:00:00
4982,7474,15:34:00
4983,5080,06:15:00
4984,8597,06:15:00
4985,1546,21:00:00
4986,3242,08:42:00
4987,692,15:30:00
4988,6868,21:00:00
4989,2969,15:30:00
4990,399,15:30:00
4991,3300,06:00:00
4992,4084,08:42:00
4993,2505,15:30:00
4994,7964,22:15:00
4995,2177,14:15:00
4996,4127,22:15:00
4997,9742,15:00:00
4998,1047,06:00:00
4999,3611,08:42:00
5000,5420,07:00:00
5001,8139,07:00:00
5002,57,22:30:00
5003,7653,15:00:00
5004,8905,07:30:00
5005,9636,06:00:00
5006,853,07:00:00
5007,983,07:30:00
5008,3307,21:00:00
5009,1468,21:00:00
5010,6576,22:15:00
5011,8713,14:00:00
5012,6398,08:42:00
5013,7615,22:30:00
5014,5295,06:00:00
5015,7538,14:00:00
5016,341,14:00:00
5017,5843,14:00:00
5018,6277,15:30:00
5019,3240,23:42:00
5020,8174,21:00:00
5021,715,07:00:00
5022,1945,15:30:00
5023,1505,21:00:00
5024,1955,14:15:00
5025,6078,07:00:00
5026,1973,08:42:00
5027,7798,22:15:00
5028,8860,15:00:00
5029,9099,23:42:00
5030,9428,07:00:00
5031,847,08:42:00
5032,314,15:00:00
5033,5426,06:00:00
5034,8923,08:42:00
5035,8700,07:00:00
5036,1463,15:00:00
5037,2020,21:00:00
5038,6747,22:15:00
5039,8223,14:15:00
5040,2809,22:30:00
5041,6549,06:00:00
5042,6664,07:30:00
5043,3846,15:34:00
5044,7048,22:15:00
5045,5056,14:15:00
5046,5811,07:30:00
5047,7382,06:00:00
5048,5312,06:15:00
5049,9677,15:34:00
5050,7218,21:00:00
5051,1307,22:30:00
5052,9277,21:00:00
5053,9618,07:00:00
5054,5498,15:34:00
5055,2011,07:30:00
5056,7905,14:15:00
5057,1292,15:00:00
5058,9300,15:30:00
5059,4612,07:00:00
5060,1983,22:30:00
5061,4363,21:00:00
5062,4021,14:15:00
5063,1487,14:15:00
5064,7285,21:00:00
5065,3617,14:15:00
5066,9663,21:00:00
5067,4861,15:34:00
5068,9206,15:00:00
5069,7345,15:00:00
5070,9180,07:00:00
5071,8590,07:00:00
5072,9031,06:15:00
5073,4593,23:42:00
5074,2676,21:00:00
5075,6959,14:00:00
5076,1862,15:30:00
5077,3097,07:30:00
5078,6956,15:30:00
5079,3168,21:00:00
5080,2438,06:00:00
5081,4090,21:00:00
5082,6631,21:00:00
5083,9413,15:34:00
5084,5371,22:15:00
5085,2554,06:00:00
5086,3933,15:00:00
5087,6321,07:30:00
5088,4901,15:00:00
5089,8414,08:42:00
5090,6885,08:42:00
5091,981,07:30:00
5092,2065,08:42:00
5093,8782,22:30:00
5094,7771,14:00:00
5095,2353,15:00:00
5096,3338,14:15:00
5097,7877,06:00:00
5098,7280,14:00:00
5099,4847,22:15:00
5100,7857,07:30:00
5101,6561,14:00:00
5102,4907,06:15:00
5103,444,06:00:00
5104,3568,06:00:00
5105,9178,22:30:00
5106,2081,15:30:00
5107,4520,22:30:00
5108,8754,07:00:00
5109,2270,14:15:00
5110,7959,23:42:00
5111,3637,07:30:00
5112,7291,15:00:00
5113,4439,22:30:00
5114,8626,22:30:00
5115,4894,22:15:00
5116,6746,06:15:00
5117,4354,21:00:00
5118,1740,22:15:00
5119,4270,14:00:00
5120,377,21:00:00
5121,9738,15:30:00
5122,3679,08:42:00
5123,9495,06:15:00
5124,9280,15:00:00
5125,3703,14:00:00
5126,4518,23:42:00
5127,6341,14:15:00
5128,9736,06:00:00
5129,7352,07:30:00
5130,3876,15:00:00
5131,5519,22:15:00
5132,7243,07:00:00
5133,8892,21:00:00
5134,9513,14:00:00
5135,7250,06:15:00
5136,9953,06:00:00
5137,5641,22:15:00
5138,2246,14:15:00
5139,9345,23:42:00
5140,6634,06:15:00
5141,829,22:30:00
5142,1438,21:00:00
5143,4249,14:00:00
5144,5689,21:00:00
5145,5766,07:00:00
5146,356,14:00:00
5147,9652,07:30:00
5148,330,08:42:00
5149,1475,08:42:00
5150,5728,06:00:00
5151,6372,15:34:00
5152,1781,21:00:00
5153,4115,15:00:00
5154,8739,22:15:00
5155,9860,21:00:00
5156,32,15:34:00
5157,1344,07:30:00
5158,2452,15:34:00
5159,9106,23:42:00
5160,2379,07:30:00
5161,2144,14:15:00
5162,2803,23:42:00
5163,8675,15:00:00
5164,1253,06:15:00
5165,7283,22:30:00
5166,6887,14:00:00
5167,4533,14:15:00
5168,5430,21:00:00
5169,8116,15:30:00
5170,2801,07:30:00
5171,3773,06:00:00
5172,4504,15:34:00
5173,3892,22:15:00
5174,4341,15:30:00
5175,2277,15:34:00
5176,5745,21:00:00
5177,7415,21:00:00
5178,7417,06:00:00
5179,4909,15:00:00
5180,4245,14:00:00
5181,6988,15:30:00
5182,8028,21:00:00
5183,6482,23:42:00
5184,2184,14:15:00
5185,2769,22:15:00
5186,5591,08:42:00
5187,6238,14:15:00
5188,8320,06:15:00
5189,1393,22:15:00
5190,999,07:00:00
5191,7374,07:30:00
5192,8515,15:34:00
5193,1180,07:30:00
5194,4337,08:42:00
5195,4430,07:30:00
5196,5626,07:00:00
5197,3796,14:00:00
5198,6171,23:42:00
5199,8242,15:00:00
5200,4230,23:42:00
5201,8964,21:00:00
5202,8291,22:30:00
5203,1312,22:15:00
5204,6414,14:00:00
5205,4155,22:30:00
5206,9238,22:15:00
5207,1996,14:15:00
5208,6533,21:00:00
5209,8252,07:00:00
5210,2373,06:15:00
5211,4684,15:30:00
5212,3870,15:34:00
5213,1778,15:34:00
5214,9451,22:30:00
5215,6090,06:15:00
5216,2711,21:00:00
5217,7928,23:42:00
5218,1145,06:00:00
5219,4351,15:00:00
5220,4200,06:00:00
5221,5189,14:15:00
5222,4578,21:00:00
5223,8792,06:00:00
5224,7306,21:00:00
5225,9216,23:42:00
5226,9285,22:15:00
5227,8271,22:30:00
5228,3210,22:15:00
5229,5456,07:00:00
5230,7803,14:00:00
5231,1351,14:00:00
5232,4583,23:42:00
5233,4375,07:00:00
5234,9042,15:30:00
5235,6760,23:42:00
5236,1820,15:00:00
5237,107,07:00:00
5238,5055,15:34:00
5239,9592,07:00:00
5240,163,06:15:00
5241,7664,07:00:00
5242,3046,22:15:00
5243,8671,21:00:00
5244,8270,06:00:00
5245,5981,21:00:00
5246,9507,22:15:00
5247,5758,06:00:00
5248,6276,22:30:00
5249,1741,23:42:00
5250,5881,07:30:00
5251,7500,22:30:00
5252,1966,06:00:00
5253,3808,15:00:00
5254,119,07:30:00
5255,3227,06:00:00
5256,172,08:42:00
5257,2728,15:00:00
5258,9263,15:34:00
5259,5093,21:00:00
5260,7784,14:00:00
5261,740,15:34:00
5262,7944,21:00:00
5263,6283,21:00:00
5264,1462,14:15:00
5265,7179,15:00:00
5266,2776,15:30:00
5267,4851,06:00:00
5268,1188,14:15:00
5269,9527,21:00:00
5270,1764,21:00:00
5271,4118,07:30:00
5272,2083,15:00:00
5273,244,23:42:00
5274,127,08:42:00
5275,195,06:15:00
5276,1368,22:30:00
5277,1210,21:00:00
5278,7776,22:15:00
5279,5408,15:34:00
5280,7379,06:00:00
5281,1909,06:15:00
5282,4036,06:15:00
5283,1549,06:15:00
5284,3363,15:30:00
5285,3625,07:30:00
5286,1952,22:30:00
5287,5460,07:30:00
5288,7296,22:30:00
5289,1958,14:00:00
5290,9139,08:42:00
5291,5496,22:30:00
5292,9023,15:30:00
5293,6262,22:30:00
5294,4843,06:15:00
5295,2471,22:30:00
5296,6485,06:15:00
5297,7823,21:00:00
5298,1478,15:34:00
5299,788,21:00:00
5300,2276,14:00:00
5301,3427,07:00:00
5302,1999,06:00:00
5303,2274,21:00:00
5304,8445,23:42:00
5305,5606,15:30:00
5306,5235,15:00:00
5307,1403,21:00:00
5308,2114,06:15:00
5309,8407,15:34:00
5310,8040,15:30:00
5311,9013,15:30:00
5312,9888,06:15:00
5313,1386,22:15:00
5314,555,08:42:00
5315,9504,08:42:00
5316,4637,06:00:00
5317,4328,06:15:00
5318,5938,21:00:00
5319,1317,14:15:00
5320,6613,22:30:00
5321,9722,14:00:00
5322,4845,23:42:00
5323,3658,15:00:00
5324,7895,06:15:00
5325,9903,23:42:00
5326,8891,22:15:00
5327,3884,15:34:00
5328,8365,06:00:00
5329,5494,14:00:00
5330,8231,06:00:00
5331,8732,06:00:00
5332,6708,15:30:00
5333,4816,08:42:00
5334,9898,23:42:00
5335,951,15:34:00
5336,4680,06:15:00
5337,9218,15:00:00
5338,8011,06:15:00
5339,7342,14:00:00
5340,6817,15:34:00
5341,581,06:00:00
5342,1484,21:00:00
5343,4704,14:00:00
5344,65,15:00:00
5345,6183,15:00:00
5346,9074,14:00:00
5347,5061,06:15:00
5348,2532,22:15:00
5349,675,08:42:00
5350,6261,21:00:00
5351,7204,07:30:00
5352,1473,15:30:00
5353,7580,14:00:00
5354,4754,14:15:00
5355,9879,22:30:00
5356,5108,07:30:00
5357,9972,15:00:00
5358,1408,14:15:00
5359,6785,21:00:00
5360,8875,21:00:00
5361,6679,21:00:00
5362,5616,22:15:00
5363,3947,22:15:00
5364,4181,21:00:00
5365,9060,21:00:00
5366,7777,06:15:00
5367,413,14:00:00
5368,1656,06:00:00
5369,9325,06:15:00
5370,8610,22:30:00
5371,4960,06:00:00
5372,7318,07:30:00
5373,2549,15:00:00
5374,8208,06:15:00
5375,8849,07:30:00
5376,2600,23:42:00
5377,7297,15:00:00
5378,1872,07:30:00
5379,1209,14:15:00
5380,5231,07:00:00
5381,7170,15:30:00
5382,1633,07:00:00
5383,8632,22:30:00
5384,770,14:00:00
5385,3116,21:00:00
5386,4111,21:00:00
5387,5310,08:42:00
5388,1587,14:00:00
5389,1387,07:30:00
5390,1916,15:34:00
5391,5581,06:00:00
5392,1096,23:42:00
5393,5776,14:00:00
5394,4395,22:30:00
5395,8225,22:30:00
5396,4674,15:00:00
5397,1516,15:34:00
5398,1897,15:34:00
5399,7073,22:15:00
5400,5158,15:00:00
5401,1634,22:30:00
5402,5625,14:15:00
5403,5566,07:30:00
5404,6826,21:00:00
5405,7817,22:15:00
5406,4525,14:15:00
5407,6574,22:15:00
5408,9512,06:15:00
5409,1642,21:00:00
5410,5160,07:00:00
5411,5763,14:15:00
5412,9809,22:15:00
5413,4313,15:34:00
5414,2112,08:42:00
5415,5789,21:00:00
5416,1190,23:42:00
5417,2132,08:42:00
5418,8674,06:00:00
5419,9598,14:15:00
5420,980,23:42:00
5421,7709,22:30:00
5422,1703,07:30:00
5423,6233,15:34:00
5424,669,06:00:00
5425,9319,21:00:00
5426,7972,07:30:00
5427,6552,22:30:00
5428,4804,08:42:00
5429,6653,22:15:00
5430,8381,14:00:00
5431,4869,08:42:00
5432,4660,14:15:00
5433,4729,15:00:00
5434,6757,06:00:00
5435,8888,06:00:00
5436,2819,14:15:00
5437,313,07:30:00
5438,691,06:15:00
5439,1241,23:42:00
5440,4029,22:30:00
5441,5229,21:00:00
5442,8041,15:00:00
5443,8155,06:15:00
5444,995,21:00:00
5445,4018,22:15:00
5446,6908,07:00:00
5447,4750,06:15:00
5448,8328,07:30:00
5449,9510,22:15:00
5450,4810,21:00:00
5451,5388,22:15:00
5452,4,22:30:00
5453,8213,14:15:00
5454,8397,15:30:00
5455,287,06:00:00
5456,9283,15:30:00
5457,3715,15:34:00
5458,4342,14:00:00
5459,9940,14:00:00
5460,6928,22:30:00
5461,3478,23:42:00
5462,2199,15:34:00
5463,3681,15:34:00
5464,3128,15:34:00
5465,4636,22:30:00
5466,1113,15:30:00
5467,8281,07:30:00
5468,631,07:00:00
5469,8166,23:42:00
5470,409,23:42:00
5471,924,22:30:00
5472,8312,06:00:00
5473,7769,21:00:00
5474,6001,07:30:00
5475,5490,22:15:00
5476,3963,07:00:00
5477,7763,14:00:00
5478,6642,22:15:00
5479,3524,08:42:00
5480,1392,07:00:00
5481,3026,07:00:00
5482,6825,21:00:00
5483,3973,23:42:00
5484,6944,07:30:00
5485,7169,06:15:00
5486,5030,15:00:00
5487,232,23:42:00
5488,6178,07:00:00
5489,8410,14:00:00
5490,9485,15:30:00
5491,3754,07:30:00
5492,5294,07:30:00
5493,8163,15:30:00
5494,5550,07:00:00
5495,263,15:00:00
5496,9210,06:00:00
5497,8022,07:00:00
5498,3630,14:15:00
5499,7235,15:30:00
5500,6259,15:00:00
5501,7422,21:00:00
5502,703,14:00:00
5503,5415,21:00:00
5504,3968,23:42:00
5505,9423,07:30:00
5506,1366,06:15:00
5507,4064,06:00:00
5508,8895,06:00:00
5509,2494,22:15:00
5510,6005,22:30:00
5511,9047,15:34:00
5512,8091,15:30:00
5513,9249,15:30:00
5514,6342,08:42:00
5515,5345,23:42:00
5516,4866,15:34:00
5517,832,15:30:00
5518,9397,15:34:00
5519,4203,21:00:00
5520,9404,23:42:00
5521,1389,06:00:00
5522,4024,14:15:00
5523,7498,06:15:00
5524,3621,22:15:00
5525,6129,07:00:00
5526,2145,21:00:00
5527,6701,15:30:00
5528,9392,15:34:00
5529,4992,14:00:00
5530,4895,15:00:00
5531,8111,15:34:00
5532,3432,14:15:00
5533,2125,07:30:00
5534,9150,14:00:00
5535,5557,07:30:00
5536,2578,23:42:00
5537,8315,14:00:00
5538,2672,22:30:00
5539,9383,15:30:00
5540,4557,15:30:00
5541,7831,15:34:00
5542,5634,22:15:00
5543,5838,15:00:00
5544,5277,06:15:00
5545,5477,15:34:00
5546,3865,15:30:00
5547,1622,06:00:00
5548,3636,21:00:00
5549,6253,06:15:00
5550,8169,08:42:00
5551,8377,07:30:00
5552,7458,07:30:00
5553,2390,14:00:00
5554,9986,22:30:00
5555,2152,15:30:00
5556,5996,21:00:00
5557,2214,15:30:00
5558,131,21:00:00
5559,7035,08:42:00
5560,2437,22:30:00
5561,9622,07:30:00
5562,115,22:30:00
5563,4080,15:00:00
5564,3816,21:00:00
5565,9887,14:15:00
5566,1883,08:42:00
5567,2441,06:00:00
5568,6950,22:15:00
5569,6683,22:30:00
5570,293,07:30:00
5571,2871,15:34:00
5572,3419,06:00:00
5573,9163,15:34:00
5574,2080,23:42:00
5575,8015,22:15:00
5576,5601,15:00:00
5577,8474,15:30:00
5578,60,21:00:00
5579,3388,22:30:00
5580,2625,21:00:00
5581,7006,07:30:00
5582,118,21:00:00
5583,3342,06:00:00
5584,7440,06:00:00
5585,2241,22:30:00
5586,3956,22:15:00
5587,5404,21:00:00
5588,7676,07:00:00
5589,7413,14:00:00
5590,9187,23:42:00
5591,3794,06:00:00
5592,2258,22:15:00
5593,2904,22:30:00
5594,9264,14:15:00
5595,6328,23:42:00
5596,1115,14:00:00
5597,2660,22:15:00
5598,838,22:30:00
5599,6926,22:15:00
5600,2218,15:34:00
5601,7682,15:30:00
5602,913,21:00:00
5603,2308,15:34:00
5604,9357,23:42:00
5605,4232,07:00:00
5606,1994,22:15:00
5607,8981,22:30:00
5608,5667,23:42:00
5609,8475,07:30:00
5610,8412,06:00:00
5611,3330,07:30:00
5612,3021,07:00:00
5613,5058,07:30:00
5614,9040,23:42:00
5615,6474,14:00:00
5616,1595,21:00:00
5617,7948,08:42:00
5618,9615,14:00:00
5619,1795,06:00:00
5620,2727,06:00:00
5621,4998,06:15:00
5622,1409,08:42:00
5623,621,06:00:00
5624,4673,15:34:00
5625,9570,15:00:00
5626,9508,21:00:00
5627,9317,23:42:00
5628,5004,15:00:00
5629,831,21:00:00
5630,868,14:15:00
5631,4624,07:30:00
5632,1419,14:15:00
5633,7841,21:00:00
5634,1342,14:00:00
5635,311,06:00:00
5636,9177,14:15:00
5637,609,23:42:00
5638,3304,22:30:00
5639,9160,22:15:00
5640,9271,06:15:00
5641,1290,22:30:00
5642,3155,14:15:00
5643,4700,15:00:00
5644,2472,06:15:00
5645,9104,14:15:00
5646,3055,06:15:00
5647,5746,21:00:00
5648,2664,15:30:00
5649,2400,14:15:00
5650,9720,21:00:00
5651,7150,07:00:00
5652,9818,06:15:00
5653,8376,06:15:00
5654,1005,14:15:00
5655,3476,21:00:00
5656,3951,21:00:00
5657,7977,15:00:00
5658,2770,06:00:00
5659,89,22:15:00
5660,1326,06:15:00
5661,5335,23:42:00
5662,7658,22:15:00
5663,6098,15:00:00
5664,8203,22:30:00
5665,2137,23:42:00
5666,5035,23:42:00
5667,6365,21:00:00
5668,6000,15:00:00
5669,9580,15:30:00
5670,1865,15:00:00
5671,8574,06:15:00
5672,2417,15:34:00
5673,9062,07:30:00
5674,5769,22:15:00
5675,6673,07:00:00
5676,1246,22:30:00
5677,8721,22:30:00
5678,2787,22:30:00
5679,721,14:00:00
5680,5085,15:30:00
5681,5801,07:30:00
5682,2781,15:00:00
5683,4335,15:34:00
5684,3351,15:00:00
5685,6387,23:42:00
5686,7041,22:15:00
5687,8160,15:00:00
5688,2074,15:30:00
5689,8955,21:00:00
5690,8634,15:30:00
5691,1567,22:30:00
5692,5723,22:15:00
5693,9533,21:00:00
5694,85,07:00:00
5695,1895,21:00:00
5696,425,21:00:00
5697,6086,07:30:00
5698,2243,15:00:00
5699,3010,21:00:00
5700,1578,14:15:00
5701,3287,15:00:00
5702,2224,22:15:00
5703,7683,21:00:00
5704,8631,07:00:00
5705,8687,14:00:00
5706,6830,06:00:00
5707,4738,14:00:00
5708,5624,21:00:00
5709,8391,15:30:00
5710,7914,07:00:00
5711,9803,07:30:00
5712,1345,07:00:00
5713,6938,07:00:00
5714,7986,06:00:00
5715,4418,21:00:00
5716,6167,15:34:00
5717,3202,08:42:00
5718,4499,06:00:00
5719,5438,15:00:00
5720,5867,06:00:00
5721,2807,08:42:00
5722,2892,07:00:00
5723,7078,14:00:00
5724,6091,15:00:00
5725,5693,15:30:00
5726,6947,14:15:00
5727,4048,22:30:00
5728,4422,08:42:00
5729,4736,21:00:00
5730,4798,06:00:00
5731,6695,23:42:00
5732,4460,21:00:00
5733,8885,14:15:00
5734,1108,07:00:00
5735,5365,08:42:00
5736,1737,21:00:00
5737,9617,22:30:00
5738,2045,06:15:00
5739,1293,07:30:00
5740,5850,15:34:00
5741,8311,14:15:00
5742,5406,23:42:00
5743,1407,22:30:00
5744,434,22:30:00
5745,4838,07:30:00
5746,6442,08:42:00
5747,1771,21:00:00
5748,1347,07:00:00
5749,5752,14:15:00
5750,7442,22:30:00
5751,8647,07:30:00
5752,1915,23:42:00
5753,8395,23:42:00
5754,2459,22:30:00
5755,1963,15:30:00
5756,3335,14:00:00
5757,8896,22:15:00
5758,9673,15:34:00
5759,8283,07:30:00
5760,4409,21:00:00
5761,5234,21:00:00
5762,5916,15:30:00
5763,2941,07:30:00
5764,4098,15:34:00
5765,6241,22:15:00
5766,1,21:00:00
5767,1792,06:15:00
5768,1732,08:42:00
5769,720,15:34:00
5770,4840,14:00:00
5771,618,06:15:00
5772,2805,07:30:00
5773,7713,21:00:00
5774,8143,15:34:00
5775,1083,14:00:00
5776,473,06:00:00
5777,8730,07:30:00
5778,5732,06:15:00
5779,695,07:30:00
5780,1579,23:42:00
5781,558,08:42:00
5782,2358,14:00:00
5783,4387,06:00:00
5784,3389,15:00:00
5785,1559,07:30:00
5786,4873,22:30:00
5787,5427,06:15:00
5788,6724,15:34:00
5789,8054,15:00:00
5790,9746,21:00:00
5791,6794,22:15:00
5792,78,07:00:00
5793,6458,14:00:00
5794,4922,15:30:00
5795,9173,22:15:00
5796,5192,07:30:00
5797,8451,08:42:00
5798,2739,15:00:00
5799,7410,23:42:00
5800,9070,14:15:00
5801,7493,21:00:00
5802,4251,22:30:00
5803,4834,14:15:00
5804,6311,21:00:00
5805,9448,06:15:00
5806,6049,06:15:00
5807,2779,22:15:00
5808,5806,21:00:00
5809,8487,21:00:00
5810,6278,08:42:00
5811,1348,06:15:00
5812,1621,22:30:00
5813,4689,06:00:00
5814,7023,14:15:00
5815,1023,14:15:00
5816,3339,14:00:00
5817,2162,21:00:00
5818,4485,08:42:00
5819,2513,15:34:00
5820,9515,07:00:00
5821,3989,07:00:00
5822,9941,06:15:00
5823,9561,07:30:00
5824,7049,06:15:00
5825,1302,22:30:00
5826,1376,23:42:00
5827,381,07:30:00
5828,8268,15:30:00
5829,5637,06:00:00
5830,1451,22:30:00
5831,9523,07:30:00
5832,8902,07:00:00
5833,2077,15:34:00
5834,1702,07:00:00
5835,2792,14:15:00
5836,1144,08:42:00
5837,2129,22:15:00
5838,5253,22:15:00
5839,9604,06:00:00
5840,369,14:00:00
5841,7927,07:30:00
5842,7136,15:30:00
5843,4324,23:42:00
5844,1683,15:00:00
5845,9057,22:30:00
5846,6481,23:42:00
5847,9846,06:15:00
5848,2683,15:34:00
5849,1694,22:15:00
5850,8706,06:15:00
5851,4216,14:15:00
5852,7789,14:00:00
5853,4452,06:00:00
5854,3497,21:00:00
5855,4425,14:00:00
5856,7598,15:34:00
5857,6134,14:15:00
5858,8084,23:42:00
5859,7714,06:00:00
5860,6723,06:00:00
5861,5176,21:00:00
5862,6269,08:42:00
5863,584,15:00:00
5864,6651,07:30:00
5865,4301,07:00:00
5866,991,06:15:00
5867,6318,22:15:00
5868,8176,14:15:00
5869,1880,21:00:00
5870,2993,14:00:00
5871,615,22:15:00
5872,7099,21:00:00
5873,9474,21:00:00
5874,4229,23:42:00
5875,5649,08:42:00
5876,1177,15:34:00
5877,9172,21:00:00
5878,4492,07:30:00
5879,1596,15:30:00
5880,1898,06:15:00
5881,8694,23:42:00
5882,3712,15:30:00
5883,1699,07:00:00
5884,426,14:15:00
5885,2850,15:34:00
5886,8834,06:00:00
5887,2713,08:42:00
5888,6858,06:15:00
5889,9466,21:00:00
5890,9265,21:00:00
5891,1964,22:15:00
5892,2453,06:00:00
5893,1961,06:00:00
5894,1089,14:00:00
5895,2896,15:00:00
5896,1799,15:34:00
5897,348,15:34:00
5898,6045,07:00:00
5899,5984,06:00:00
5900,7897,06:15:00
5901,324,15:30:00
5902,9090,15:30:00
5903,7968,21:00:00
5904,2813,14:15:00
5905,3760,08:42:00
5906,2725,23:42:00
5907,9946,22:15:00
5908,2118,22:30:00
5909,6303,06:15:00
5910,8349,06:00:00
5911,3224,21:00:00
5912,3783,14:00:00
5913,5793,21:00:00
5914,4243,23:42:00
5915,5283,15:34:00
5916,6462,22:15:00
5917,3518,14:00:00
5918,9607,15:00:00
5919,8778,06:15:00
5920,1951,14:15:00
5921,9633,15:00:00
5922,4150,15:34:00
5923,7636,15:30:00
5924,3922,07:30:00
5925,3322,06:00:00
5926,493,08:42:00
5927,4756,08:42:00
5928,7619,15:00:00
5929,8709,07:30:00
5930,8182,07:00:00
5931,6064,21:00:00
5932,401,06:00:00
5933,4983,06:00:00
5934,2521,22:15:00
5935,5597,07:00:00
5936,4739,14:15:00
5937,5240,15:34:00
5938,2594,14:15:00
5939,2375,14:15:00
5940,1025,06:15:00
5941,4400,22:15:00
5942,5029,23:42:00
5943,5171,15:30:00
5944,4938,23:42:00
5945,8239,14:00:00
5946,6682,14:15:00
5947,7279,15:30:00
5948,4579,15:34:00
5949,7543,22:30:00
5950,3880,21:00:00
5951,9323,07:00:00
5952,673,06:15:00
5953,1752,15:00:00
5954,5826,14:00:00
5955,174,15:00:00
5956,4391,21:00:00
5957,6627,21:00:00
5958,3615,15:34:00
5959,8185,23:42:00
5960,5179,14:15:00
5961,7976,22:15:00
5962,9664,06:15:00
5963,5241,23:42:00
5964,1804,15:34:00
5965,2455,15:30:00
5966,8747,22:15:00
5967,689,15:00:00
5968,5629,07:00:00
5969,9816,21:00:00
5970,1593,06:15:00
5971,8943,21:00:00
5972,9488,06:00:00
5973,6273,14:15:00
5974,3448,21:00:00
5975,9141,15:34:00
5976,6081,06:15:00
5977,3780,15:00:00
5978,4618,22:30:00
5979,1320,08:42:00
5980,2062,21:00:00
5981,8237,07:00:00
5982,9430,22:30:00
5983,878,22:30:00
5984,9224,23:42:00
5985,8926,21:00:00
5986,1129,22:30:00
5987,7064,06:00:00
5988,4093,15:30:00
5989,2343,07:30:00
5990,9105,06:15:00
5991,8654,23:42:00
5992,8815,08:42:00
5993,8740,08:42:00
5994,8866,15:34:00
5995,6416,22:30:00
5996,8665,15:34:00
5997,8922,15:00:00
5998,2429,08:42:00
5999,3490,15:00:00
6000,2350,22:15:00
6001,2295,07:30:00
6002,3310,08:42:00
6003,4035,21:00:00
6004,1782,06:15:00
6005,3483,15:34:00
6006,8333,06:00:00
6007,9351,22:15:00
6008,4246,22:15:00
6009,3,21:00:00
6010,9126,08:42:00
6011,1878,15:34:00
6012,571,14:00:00
6013,4890,22:30:00
6014,7688,15:30:00
6015,3425,14:15:00
6016,8472,22:15:00
6017,9814,06:00:00
6018,2167,07:00:00
6019,2771,15:34:00
6020,7861,23:42:00
6021,597,06:15:00
6022,4650,21:00:00
6023,9844,15:30:00
6024,2830,15:34:00
6025,3775,15:34:00
6026,2895,07:30:00
6027,8622,22:30:00
6028,3572,06:15:00
6029,5135,08:42:00
6030,1400,22:15:00
6031,9781,14:00:00
6032,5972,15:00:00
6033,7614,14:00:00
6034,6615,07:30:00
6035,7935,15:00:00
6036,8440,23:42:00
6037,9571,22:30:00
6038,2232,07:30:00
6039,5356,23:42:00
6040,3965,06:00:00
6041,9713,07:30:00
6042,6778,23:42:00
6043,9537,07:30:00
6044,8153,21:00:00
6045,1449,06:15:00
6046,2019,06:15:00
6047,3885,15:34:00
6048,3480,06:15:00
6049,8389,07:30:00
6050,9459,23:42:00
6051,5783,15:00:00
6052,7830,15:00:00
6053,1538,21:00:00
6054,2743,08:42:00
6055,128,06:00:00
6056,5849,15:30:00
6057,9545,21:00:00
6058,15,06:15:00
6059,4254,22:15:00
6060,6602,14:00:00
6061,3040,23:42:00
6062,9908,06:15:00
6063,6759,15:00:00
6064,5600,22:30:00
6065,25,22:30:00
6066,3719,15:00:00
6067,5306,14:00:00
6068,7973,06:15:00
6069,724,07:30:00
6070,441,15:00:00
6071,8210,14:15:00
6072,7765,23:42:00
6073,7685,15:00:00
6074,5632,08:42:00
6075,2898,23:42:00
6076,8701,21:00:00
6077,301,06:15:00
6078,4183,22:30:00
6079,9026,15:30:00
6080,2029,23:42:00
6081,7513,14:15:00
6082,9310,14:15:00
6083,9017,22:15:00
6084,7800,07:30:00
6085,4486,15:00:00
6086,4442,08:42:00
6087,690,08:42:00
6088,5673,07:30:00
6089,4010,14:00:00
6090,2193,23:42:00
6091,9375,21:00:00
6092,575,22:30:00
6093,9490,15:30:00
6094,6904,15:30:00
6095,4906,14:00:00
6096,8329,06:00:00
6097,4670,21:00:00
6098,5627,07:00:00
6099,9857,21:00:00
6100,8359,21:00:00
6101,465,08:42:00
6102,456,22:15:00
6103,5985,06:00:00
6104,9372,15:00:00
6105,2331,14:15:00
6106,8649,22:30:00
6107,1929,06:00:00
6108,6034,14:00:00
6109,2322,07:00:00
6110,2069,21:00:00
6111,4374,23:42:00
6112,7837,21:00:00
6113,3918,15:34:00
6114,1557,06:00:00
6115,5871,06:15:00
6116,1453,07:30:00
6117,4874,15:30:00
6118,7197,14:15:00
6119,3028,14:15:00
6120,7372,22:30:00
6121,400,14:15:00
6122,3964,22:15:00
6123,3882,06:00:00
6124,1480,07:00:00
6125,336,21:00:00
6126,2341,07:00:00
6127,5791,22:15:00
6128,3983,06:00:00
6129,8047,21:00:00
6130,8520,15:34:00
6131,8571,06:00:00
6132,4396,15:30:00
6133,2386,23:42:00
6134,3167,21:00:00
6135,960,06:15:00
6136,2304,22:15:00
6137,4990,15:00:00
6138,3578,08:42:00
6139,3698,15:00:00
6140,745,06:15:00
6141,7650,22:15:00
6142,3982,08:42:00
6143,7705,07:00:00
6144,7785,23:42:00
6145,1512,21:00:00
6146,1323,06:15:00
6147,8460,15:30:00
6148,3979,06:00:00
6149,1179,15:34:00
6150,9826,14:15:00
6151,6676,07:00:00
6152,6397,06:00:00
6153,2738,14:00:00
6154,7562,21:00:00
6155,9229,07:00:00
6156,1020,15:00:00
6157,8498,21:00:00
6158,3408,06:00:00
6159,7497,21:00:00
6160,9078,08:42:00
6161,7411,14:15:00
6162,4876,07:30:00
6163,209,21:00:00
6164,3436,06:15:00
6165,8919,14:00:00
6166,6389,06:00:00
6167,2989,15:30:00
6168,9006,06:15:00
6169,5840,23:42:00
6170,6382,21:00:00
6171,4146,08:42:00
6172,8267,15:30:00
6173,8398,07:00:00
6174,4879,23:42:00
6175,1336,15:34:00
6176,9945,14:15:00
6177,1238,15:34:00
6178,449,22:15:00
6179,9935,22:30:00
6180,6249,14:00:00
6181,8552,23:42:00
6182,9353,15:00:00
6183,9761,06:00:00
6184,5555,23:42:00
6185,9833,06:00:00
6186,5670,22:30:00
6187,6986,15:34:00
6188,4339,15:30:00
6189,5935,15:34:00
6190,2195,14:00:00
6191,8101,14:00:00
6192,5442,14:00:00
6193,239,22:30:00
6194,3004,14:00:00
6195,132,07:00:00
6196,4654,22:30:00
6197,9929,06:00:00
6198,9440,15:00:00
6199,1811,23:42:00
6200,4434,06:00:00
6201,3664,07:30:00
6202,3401,23:42:00
6203,8794,14:00:00
6204,1276,06:00:00
6205,8467,14:15:00
6206,4981,22:15:00
6207,2972,06:00:00
6208,3903,06:00:00
6209,5130,15:34:00
6210,8678,14:15:00
6211,574,15:30:00
6212,8183,07:30:00
6213,5944,15:00:00
6214,4675,14:00:00
6215,867,06:15:00
6216,6096,07:30:00
6217,1257,08:42:00
6218,2362,07:30:00
6219,6749,06:15:00
6220,6268,07:30:00
6221,4311,22:15:00
6222,2190,21:00:00
6223,6322,21:00:00
6224,7189,07:30:00
6225,7564,15:30:00
6226,4129,14:15:00
6227,458,06:15:00
6228,3284,14:00:00
6229,1070,21:00:00
6230,6782,15:30:00
6231,1065,15:30:00
6232,6578,07:00:00
6233,463,23:42:00
6234,3523,07:30:00
6235,4601,23:42:00
6236,3514,22:15:00
6237,4239,08:42:00
6238,6912,15:34:00
6239,3111,07:30:00
6240,8063,15:34:00
6241,5018,23:42:00
6242,1685,14:15:00
6243,6089,06:15:00
6244,600,14:00:00
6245,2147,23:42:00
6246,344,07:30:00
6247,7490,07:00:00
6248,8510,22:30:00
6249,4790,07:30:00
6250,976,21:00:00
6251,4742,06:00:00
6252,7519,23:42:00
6253,6271,21:00:00
6254,7088,15:34:00
6255,1074,22:30:00
6256,2337,08:42:00
6257,1794,21:00:00
6258,1845,07:00:00
6259,6589,06:15:00
6260,9928,15:34:00
6261,9586,07:00:00
6262,5106,07:30:00
6263,6361,22:15:00
6264,7144,06:15:00
6265,9996,08:42:00
6266,2891,15:34:00
6267,3894,21:00:00
6268,824,15:30:00
6269,5397,15:30:00
6270,5220,06:00:00
6271,2424,22:15:00
6272,941,07:30:00
6273,1134,07:00:00
6274,9525,23:42:00
6275,2916,06:00:00
6276,4168,06:00:00
6277,8272,23:42:00
6278,1518,21:00:00
6279,5214,08:42:00
6280,2402,07:00:00
6281,3321,23:42:00
6282,6019,07:30:00
6283,126,07:00:00
6284,1012,06:00:00
6285,236,14:00:00
6286,4517,21:00:00
6287,1986,23:42:00
6288,5049,15:34:00
6289,4104,14:00:00
6290,1800,08:42:00
6291,9740,15:34:00
6292,5097,21:00:00
6293,7932,22:15:00
6294,8384,06:00:00
6295,3489,06:15:00
6296,8722,14:00:00
6297,8620,08:42:00
6298,3896,07:30:00
6299,6375,15:00:00
6300,6693,15:00:00
6301,29,06:00:00
6302,7100,14:00:00
6303,2953,07:00:00
6304,8802,22:15:00
6305,9594,06:00:00
6306,2616,07:00:00
6307,9130,15:34:00
6308,7295,21:00:00
6309,1371,08:42:00
6310,154,22:30:00
6311,7127,22:30:00
6312,3394,14:00:00
6313,7301,21:00:00
6314,7884,21:00:00
6315,8009,15:34:00
6316,6886,15:34:00
6317,4147,23:42:00
6318,4893,14:00:00
6319,8423,07:00:00
6320,5500,21:00:00
6321,159,14:15:00
6322,6449,15:34:00
6323,3410,14:15:00
6324,7994,22:30:00
6325,9875,07:00:00
6326,9975,06:00:00
6327,5050,15:34:00
6328,7646,21:00:00
6329,27,07:00:00
6330,8248,07:00:00
6331,2097,15:00:00
6332,8038,22:30:00
6333,4156,21:00:00
6334,9072,15:34:00
6335,5880,21:00:00
6336,5571,22:30:00
6337,7677,06:00:00
6338,5946,06:15:00
6339,6597,06:15:00
6340,5407,15:34:00
6341,2756,07:00:00
6342,6838,21:00:00
6343,7512,14:00:00
6344,7544,15:34:00
6345,4357,06:15:00
6346,6376,08:42:00
6347,2237,14:15:00
6348,6378,22:30:00
6349,4427,22:15:00
6350,9394,21:00:00
6351,8699,15:34:00
6352,3564,22:30:00
6353,957,23:42:00
6354,14,23:42:00
6355,1384,06:15:00
6356,3495,07:30:00
6357,7106,21:00:00
6358,6067,15:34:00
6359,7879,22:30:00
6360,4645,07:00:00
6361,7347,21:00:00
6362,8019,15:00:00
6363,5047,14:00:00
6364,4642,15:34:00
6365,1381,15:30:00
6366,1871,14:00:00
6367,6466,22:15:00
6368,1049,14:15:00
6369,612,14:15:00
6370,2050,07:00:00
6371,9479,07:00:00
6372,1901,14:15:00
6373,2548,15:34:00
6374,1237,21:00:00
6375,4466,15:30:00
6376,2159,14:15:00
6377,6266,15:30:00
6378,7321,06:00:00
6379,1058,06:00:00
6380,7388,21:00:00
6381,2755,23:42:00
6382,7473,06:00:00
6383,13,22:30:00
6384,710,21:00:00
6385,3329,21:00:00
6386,3782,07:30:00
6387,6789,21:00:00
6388,6945,15:00:00
6389,5219,22:15:00
6390,2714,14:00:00
6391,4030,07:30:00
6392,7212,06:15:00
6393,9098,22:30:00
6394,9235,15:34:00
6395,4921,15:30:00
6396,3323,21:00:00
6397,2913,07:30:00
6398,4121,07:00:00
6399,9922,22:30:00
6400,9255,14:15:00
6401,6761,21:00:00
6402,1155,08:42:00
6403,5827,15:00:00
6404,1247,06:15:00
6405,2173,07:00:00
6406,8221,15:30:00
6407,2511,07:00:00
6408,2721,22:15:00
6409,567,22:30:00
6410,468,21:00:00
6411,1835,06:15:00
6412,1650,08:42:00
6413,8920,22:30:00
6414,7148,22:30:00
6415,4015,14:15:00
6416,210,06:00:00
6417,580,07:00:00
6418,8086,15:00:00
6419,3068,14:00:00
6420,8880,15:34:00
6421,2784,14:15:00
6422,3452,22:30:00
6423,7759,06:15:00
6424,8979,07:00:00
6425,7443,15:30:00
6426,1295,15:34:00
6427,7821,21:00:00
6428,9011,23:42:00
6429,5982,14:15:00
6430,5574,07:30:00
6431,1906,15:00:00
6432,3174,21:00:00
6433,4892,23:42:00
6434,8992,21:00:00
6435,2172,21:00:00
6436,7487,15:34:00
6437,3660,06:00:00
6438,9337,21:00:00
6439,3362,15:34:00
6440,3756,21:00:00
6441,9352,14:15:00
6442,2412,22:15:00
6443,7729,14:00:00
6444,5057,08:42:00
6445,4235,06:15:00
6446,6762,15:30:00
6447,2016,14:15:00
6448,1564,22:15:00
6449,6776,14:15:00
6450,3718,21:00:00
6451,1118,14:15:00
6452,140,15:34:00
6453,5585,23:42:00
6454,9744,15:34:00
6455,1780,06:15:00
6456,9154,21:00:00
6457,6624,21:00:00
6458,6756,07:30:00
6459,7764,14:15:00
6460,4279,07:30:00
6461,6349,21:00:00
6462,6467,23:42:00
6463,6508,07:00:00
6464,7427,07:00:00
6465,7628,22:30:00
6466,3486,06:15:00
6467,6471,21:00:00
6468,1123,07:30:00
6469,1812,07:00:00
6470,4743,15:34:00
6471,4619,06:00:00
6472,5209,07:00:00
6473,479,08:42:00
6474,3313,22:15:00
6475,9952,22:15:00
6476,8847,21:00:00
6477,8638,06:15:00
6478,6980,22:15:00
6479,5815,15:34:00
6480,4166,14:15:00
6481,3439,07:30:00
6482,8899,21:00:00
6483,9855,06:00:00
6484,2321,15:00:00
6485,7341,15:34:00
6486,6461,07:00:00
6487,9061,22:30:00
6488,4576,07:30:00
6489,3181,21:00:00
6490,9065,21:00:00
6491,2138,14:00:00
6492,7565,06:15:00
6493,9518,23:42:00
6494,1765,14:00:00
6495,6539,22:15:00
6496,9827,06:15:00
6497,9582,23:42:00
6498,5019,14:15:00
6499,7885,21:00:00
6500,6799,06:00:00
6501,9896,21:00:00
6502,9700,14:00:00
6503,874,15:34:00
6504,709,07:30:00
6505,7187,08:42:00
6506,9477,06:15:00
6507,9820,14:00:00
6508,2882,21:00:00
6509,5228,15:00:00
6510,213,06:15:00
6511,3709,22:30:00
6512,2604,07:00:00
6513,2092,14:00:00
6514,8833,22:15:00
6515,4402,15:00:00
6516,7153,08:42:00
6517,3036,14:00:00
6518,8374,22:30:00
6519,5419,07:30:00
6520,792,06:15:00
6521,593,14:00:00
6522,2468,23:42:00
6523,2107,22:30:00
6524,4242,06:00:00
6525,4586,08:42:00
6526,9084,23:42:00
6527,7853,23:42:00
6528,5116,22:15:00
6529,936,08:42:00
6530,3945,23:42:00
6531,8559,23:42:00
6532,3244,14:00:00
6533,212,14:00:00
6534,7913,15:00:00
6535,1933,07:00:00
6536,3809,14:00:00
6537,3390,14:00:00
6538,5078,07:30:00
6539,7373,15:30:00
6540,3442,21:00:00
6541,8643,21:00:00
6542,4234,07:00:00
6543,1997,21:00:00
6544,1575,08:42:00
6545,8411,06:00:00
6546,4661,23:42:00
6547,9243,08:42:00
6548,4884,07:30:00
6549,8027,07:30:00
6550,6452,15:30:00
6551,8843,23:42:00
6552,3745,14:00:00
6553,9408,14:00:00
6554,5161,07:30:00
6555,5264,15:00:00
6556,4765,06:00:00
6557,2774,22:15:00
6558,6287,06:15:00
6559,9812,06:00:00
6560,1830,21:00:00
6561,3250,06:00:00
6562,7325,22:15:00
6563,2059,08:42:00
6564,1840,21:00:00
6565,3934,14:15:00
6566,2309,14:15:00
6567,4940,21:00:00
6568,511,23:42:00
6569,2265,07:00:00
6570,3005,06:00:00
6571,6179,15:30:00
6572,4984,07:30:00
6573,8524,21:00:00
6574,1818,07:30:00
6575,7782,08:42:00
6576,8619,15:34:00
6577,7317,07:30:00
6578,6410,07:30:00
6579,9971,15:30:00
6580,6107,14:15:00
6581,389,15:30:00
6582,837,14:15:00
6583,9519,07:30:00
6584,7141,22:30:00
6585,443,15:00:00
6586,9762,22:15:00
6587,6979,21:00:00
6588,1377,15:30:00
6589,5970,21:00:00
6590,569,15:30:00
6591,5646,15:34:00
6592,6022,07:30:00
6593,3132,07:00:00
6594,8085,22:30:00
6595,5875,07:00:00
6596,5638,07:00:00
6597,6188,14:00:00
6598,9112,07:30:00
6599,3260,21:00:00
6600,9886,07:30:00
6601,8330,06:00:00
6602,6898,22:15:00
6603,4326,06:15:00
6604,7092,14:15:00
6605,6130,08:42:00
6606,9828,06:15:00
6607,2158,14:15:00
6608,7260,06:15:00
6609,7437,15:34:00
6610,2490,07:00:00
6611,1485,07:30:00
6612,5034,23:42:00
6613,1684,07:00:00
6614,8904,21:00:00
6615,7217,22:15:00
6616,8224,21:00:00
6617,7715,21:00:00
6618,5924,21:00:00
6619,9064,06:00:00
6620,5932,22:15:00
6621,694,15:30:00
6622,9135,21:00:00
6623,2483,22:15:00
6624,9747,22:30:00
6625,9707,07:00:00
6626,1975,14:15:00
6627,2822,15:00:00
6628,3716,08:42:00
6629,893,15:30:00
6630,1092,07:30:00
6631,7881,15:34:00
6632,9688,21:00:00
6633,2670,07:30:00
6634,2072,21:00:00
6635,3027,14:00:00
6636,9905,08:42:00
6637,4961,21:00:00
6638,6198,08:42:00
6639,551,15:00:00
6640,958,07:30:00
6641,6815,21:00:00
6642,419,06:15:00
6643,9675,07:30:00
6644,8362,21:00:00
6645,5084,15:00:00
6646,1428,22:30:00
6647,9166,07:30:00
6648,657,23:42:00
6649,1008,15:30:00
6650,6207,15:00:00
6651,5186,23:42:00
6652,749,06:15:00
6653,4185,14:00:00
6654,4638,06:15:00
6655,1440,21:00:00
6656,8378,22:15:00
6657,698,22:30:00
6658,9624,08:42:00
6659,9275,07:30:00
6660,2486,15:30:00
6661,3198,06:00:00
6662,6983,14:15:00
6663,2071,23:42:00
6664,7226,06:15:00
6665,8646,08:42:00
6666,7027,06:00:00
6667,1882,14:15:00
6668,5685,22:30:00
6669,7087,14:15:00
6670,1452,22:15:00
6671,6719,14:15:00
6672,374,15:00:00
6673,9475,08:42:00
6674,4910,23:42:00
6675,3000,21:00:00
6676,7176,22:30:00
6677,7311,21:00:00
6678,1724,21:00:00
6679,9111,06:00:00
6680,46,14:00:00
6681,3091,14:15:00
6682,4862,15:30:00
6683,4214,06:15:00
6684,3511,14:00:00
6685,380,06:15:00
6686,8522,06:00:00
6687,8927,22:30:00
6688,5195,14:15:00
6689,8886,08:42:00
6690,2977,08:42:00
6691,6301,07:00:00
6692,8607,21:00:00
6693,2635,15:00:00
6694,4580,07:00:00
6695,942,22:15:00
6696,5436,15:00:00
6697,1629,06:00:00
6698,4472,21:00:00
6699,4590,23:42:00
6700,9355,22:15:00
6701,3544,06:15:00
6702,4300,06:15:00
6703,6390,14:15:00
6704,8059,07:30:00
6705,5895,23:42:00
6706,6731,22:15:00
6707,5366,08:42:00
6708,2205,21:00:00
6709,6426,07:00:00
6710,3277,14:15:00
6711,4140,06:15:00
6712,8748,22:15:00
6713,92,15:00:00
6714,8181,15:34:00
6715,2568,23:42:00
6716,844,22:30:00
6717,8977,14:00:00
6718,1346,07:30:00
6719,1310,15:00:00
6720,9979,22:15:00
6721,3841,21:00:00
6722,9205,23:42:00
6723,7384,23:42:00
6724,7882,22:15:00
6725,6302,15:34:00
6726,9778,06:00:00
6727,3435,22:30:00
6728,3752,07:00:00
6729,9909,14:00:00
6730,7829,06:00:00
6731,6842,22:30:00
6732,2286,15:34:00
6733,4040,07:30:00
6734,4478,06:00:00
6735,2024,15:00:00
6736,1120,21:00:00
6737,9340,06:15:00
6738,494,15:00:00
6739,7261,21:00:00
6740,3943,22:30:00
6741,8969,15:00:00
6742,2574,21:00:00
6743,5015,23:42:00
6744,1936,14:15:00
6745,4783,06:00:00
6746,627,22:30:00
6747,5307,14:15:00
6748,557,07:00:00
6749,7262,07:00:00
6750,3316,06:00:00
6751,7696,15:34:00
6752,2291,14:00:00
6753,6742,07:00:00
6754,5620,07:30:00
6755,5862,21:00:00
6756,9471,21:00:00
6757,9764,14:00:00
6758,6400,21:00:00
6759,2707,06:00:00
6760,9832,14:00:00
6761,6966,08:42:00
6762,2354,14:00:00
6763,6965,06:00:00
6764,7008,15:30:00
6765,986,21:00:00
6766,9551,15:30:00
6767,3186,23:42:00
6768,361,07:30:00
6769,8165,08:42:00
6770,1881,07:00:00
6771,8234,15:30:00
6772,6551,22:30:00
6773,1753,08:42:00
6774,8172,07:00:00
6775,617,15:00:00
6776,9856,08:42:00
6777,8262,08:42:00
6778,8930,15:00:00
6779,8228,22:15:00
6780,2431,07:00:00
6781,8457,08:42:00
6782,7891,23:42:00
6783,5418,14:15:00
6784,3909,21:00:00
6785,322,22:15:00
6786,42,07:30:00
6787,3548,22:15:00
6788,5354,06:15:00
6789,4855,23:42:00
6790,4916,06:00:00
6791,2885,14:15:00
6792,6460,21:00:00
6793,3498,07:30:00
6794,6932,21:00:00
6795,955,21:00:00
6796,6084,21:00:00
6797,1626,22:30:00
6798,2814,15:00:00
6799,3591,23:42:00
6800,8060,06:15:00
6801,2883,07:30:00
6802,6325,14:00:00
6803,6559,23:42:00
6804,4683,14:00:00
6805,5412,15:00:00
6806,6411,21:00:00
6807,22,15:34:00
6808,930,15:34:00
6809,9427,14:00:00
6810,4450,14:15:00
6811,7868,06:00:00
6812,9435,15:00:00
6813,5117,08:42:00
6814,4191,15:34:00
6815,3635,08:42:00
6816,2877,08:42:00
6817,5650,22:15:00
6818,5343,15:34:00
6819,8327,22:15:00
6820,3768,15:00:00
6821,2432,23:42:00
6822,7378,21:00:00
6823,4713,14:15:00
6824,2211,22:30:00
6825,4436,07:00:00
6826,5704,15:34:00
6827,1798,08:42:00
6828,4153,07:00:00
6829,9281,21:00:00
6830,3907,15:34:00
6831,4325,14:15:00
6832,7102,14:00:00
6833,7464,15:00:00
6834,7584,22:30:00
6835,5098,06:15:00
6836,6715,15:34:00
6837,2622,15:00:00
6838,2395,15:34:00
6839,6035,14:00:00
6840,79,22:30:00
6841,9516,15:00:00
6842,3353,21:00:00
6843,8122,06:15:00
6844,3429,08:42:00
6845,6500,06:00:00
6846,3739,08:42:00
6847,2473,15:34:00
6848,24,15:34:00
6849,2320,06:00:00
6850,1686,23:42:00
6851,3721,07:30:00
6852,5853,22:30:00
6853,971,21:00:00
6854,7952,23:42:00
6855,5066,21:00:00
6856,2957,07:30:00
6857,7361,15:30:00
6858,7463,06:15:00
6859,2643,07:00:00
6860,5622,08:42:00
6861,851,15:34:00
6862,5475,23:42:00
6863,1822,08:42:00
6864,6100,08:42:00
6865,3772,21:00:00
6866,7949,23:42:00
6867,3283,14:00:00
6868,3171,23:42:00
6869,4088,23:42:00
6870,6546,21:00:00
6871,3265,14:15:00
6872,4775,21:00:00
6873,535,14:15:00
6874,2698,07:30:00
6875,5741,14:15:00
6876,8297,22:15:00
6877,5409,08:42:00
6878,6103,22:15:00
6879,8109,08:42:00
6880,3469,15:00:00
6881,3248,08:42:00
6882,5039,21:00:00
6883,814,14:00:00
6884,3229,14:15:00
6885,5059,14:15:00
6886,767,23:42:00
6887,4870,14:15:00
6888,8277,15:00:00
6889,1802,21:00:00
6890,7014,22:30:00
6891,412,21:00:00
6892,7188,21:00:00
6893,4911,22:15:00
6894,2639,21:00:00
6895,9093,14:00:00
6896,265,23:42:00
6897,1076,06:15:00
6898,5773,07:00:00
6899,7471,22:15:00
6900,8470,08:42:00
6901,6384,06:00:00
6902,3887,14:00:00
6903,3166,15:34:00
6904,7269,14:15:00
6905,1294,06:00:00
6906,9282,22:30:00
6907,2686,21:00:00
6908,6250,14:15:00
6909,6164,06:00:00
6910,7363,06:15:00
6911,3810,15:30:00
6912,120,06:00:00
6913,6136,14:15:00
6914,4825,21:00:00
6915,9643,21:00:00
6916,8012,06:00:00
6917,2287,15:00:00
6918,2213,06:15:00
6919,5969,21:00:00
6920,9668,15:00:00
6921,1500,14:15:00
6922,7154,06:00:00
6923,3612,14:00:00
6924,9291,06:15:00
6925,7446,14:15:00
6926,437,23:42:00
6927,9445,07:30:00
6928,3219,15:30:00
6929,3558,22:15:00
6930,3144,06:00:00
6931,5604,14:00:00
6932,5249,15:00:00
6933,2535,08:42:00
6934,3742,23:42:00
6935,442,08:42:00
6936,2662,23:42:00
6937,8791,15:00:00
6938,9932,21:00:00
6939,4791,23:42:00
6940,9790,07:30:00
6941,1773,14:15:00
6942,7753,06:00:00
6943,5534,14:15:00
6944,2408,21:00:00
6945,7629,22:30:00
6946,2316,21:00:00
6947,3750,15:30:00
6948,1828,21:00:00
6949,2522,15:34:00
6950,2064,15:00:00
6951,5378,22:15:00
6952,114,07:30:00
6953,3290,06:00:00
6954,5665,06:00:00
6955,7393,14:00:00
6956,6903,22:15:00
6957,737,06:00:00
6958,4152,07:00:00
6959,638,15:34:00
6960,8990,08:42:00
6961,2449,14:00:00
6962,4321,15:00:00
6963,2036,15:00:00
6964,6614,14:00:00
6965,3770,15:00:00
6966,9464,22:30:00
6967,6890,07:00:00
6968,9981,15:30:00
6969,2889,15:34:00
6970,4014,21:00:00
6971,2121,06:15:00
6972,9165,22:15:00
6973,9956,22:15:00
6974,5822,22:15:00
6975,1673,15:00:00
6976,4904,22:15:00
6977,7147,14:15:00
6978,7663,22:15:00
6979,9452,15:30:00
6980,540,21:00:00
6981,8582,08:42:00
6982,9203,06:15:00
6983,6337,15:30:00
6984,1864,23:42:00
6985,681,14:15:00
6986,3136,21:00:00
6987,3817,22:15:00
6988,8664,08:42:00
6989,5476,22:30:00
6990,8844,14:15:00
6991,171,06:00:00
6992,7270,07:30:00
6993,6140,14:00:00
6994,6427,08:42:00
6995,4857,15:30:00
6996,8197,08:42:00
6997,2944,21:00:00
6998,1088,15:00:00
6999,2666,06:15:00
7000,9947,23:42:00
7001,9436,15:00:00
7002,7608,07:00:00
7003,5729,06:15:00
7004,6348,22:15:00
7005,2932,22:30:00
7006,8010,15:00:00
7007,9028,06:15:00
7008,4846,21:00:00
7009,4958,23:42:00
7010,1930,22:30:00
7011,9326,06:00:00
7012,2025,23:42:00
7013,1161,06:00:00
7014,7305,22:15:00
7015,6681,22:15:00
7016,807,15:34:00
7017,1714,06:00:00
7018,7550,22:15:00
7019,7268,06:00:00
7020,7518,08:42:00
7021,8461,07:30:00
7022,1611,14:15:00
7023,7662,08:42:00
7024,2641,15:34:00
7025,3500,15:00:00
7026,4306,21:00:00
7027,3120,15:34:00
7028,5877,15:34:00
7029,875,23:42:00
7030,4022,15:30:00
7031,9716,21:00:00
7032,3652,14:15:00
7033,5551,15:30:00
7034,2086,15:00:00
7035,8175,21:00:00
7036,8427,15:30:00
7037,4623,21:00:00
7038,3060,22:15:00
7039,2381,15:00:00
7040,1506,06:15:00
7041,2419,06:15:00
7042,8088,21:00:00
7043,1497,15:34:00
7044,4360,08:42:00
7045,8993,14:00:00
7046,3699,15:00:00
7047,1723,22:15:00
7048,9117,23:42:00
7049,3078,06:15:00
7050,378,06:15:00
7051,8301,21:00:00
7052,9365,06:00:00
7053,3936,08:42:00
7054,6504,06:15:00
7055,990,22:15:00
7056,8836,15:00:00
7057,2098,22:15:00
7058,7032,15:34:00
7059,4334,22:15:00
7060,82,14:15:00
7061,2415,15:30:00
7062,7362,22:30:00
7063,373,22:30:00
7064,6105,06:15:00
7065,2474,14:15:00
7066,2768,08:42:00
7067,2765,22:15:00
7068,6955,22:15:00
7069,3359,21:00:00
7070,4068,06:00:00
7071,7394,06:00:00
7072,1159,08:42:00
7073,8569,15:00:00
7074,9193,14:00:00
7075,8500,08:42:00
7076,8290,08:42:00
7077,151,15:30:00
7078,5069,14:00:00
7079,9321,14:00:00
7080,9997,21:00:00
7081,6575,21:00:00
7082,9246,06:15:00
7083,8435,22:15:00
7084,7190,07:30:00
7085,8074,08:42:00
7086,1226,15:30:00
7087,8044,23:42:00
7088,4882,22:30:00
7089,9412,22:15:00
7090,1232,07:30:00
7091,6564,15:34:00
7092,8925,08:42:00
7093,9589,15:00:00
7094,6770,22:30:00
7095,9494,22:30:00
7096,1141,22:30:00
7097,3280,22:30:00
7098,8682,06:15:00
7099,9842,21:00:00
7100,616,14:00:00
7101,8608,21:00:00
7102,7274,23:42:00
7103,4989,07:30:00
7104,2109,14:15:00
7105,5947,14:15:00
7106,1528,21:00:00
7107,8348,08:42:00
7108,8130,07:00:00
7109,3324,15:00:00
7110,1519,08:42:00
7111,7783,22:30:00
7112,8029,07:00:00
7113,2593,06:15:00
7114,9295,15:30:00
7115,2119,14:15:00
7116,649,15:30:00
7117,598,06:00:00
7118,3700,23:42:00
7119,5290,15:34:00
7120,6501,14:15:00
7121,3183,07:30:00
7122,8703,22:15:00
7123,927,15:30:00
7124,664,23:42:00
7125,4218,22:30:00
7126,912,15:34:00
7127,3001,06:00:00
7128,2797,06:00:00
7129,6292,23:42:00
7130,2902,22:15:00
7131,6486,08:42:00
7132,104,15:34:00
7133,6779,07:00:00
7134,4900,15:00:00
7135,5014,22:30:00
7136,72,14:15:00
7137,2280,15:34:00
7138,1711,07:30:00
7139,1101,22:30:00
7140,6370,15:34:00
7141,5138,15:00:00
7142,9328,07:30:00
7143,376,14:15:00
7144,1465,06:15:00
7145,8308,14:15:00
7146,5608,06:00:00
7147,805,21:00:00
7148,3173,08:42:00
7149,8924,23:42:00
7150,717,08:42:00
7151,2076,21:00:00
7152,763,23:42:00
7153,519,22:30:00
7154,2067,06:15:00
7155,3268,15:30:00
7156,1537,14:15:00
7157,9800,15:00:00
7158,1064,15:00:00
7159,1135,14:15:00
7160,185,06:00:00
7161,7079,07:30:00
7162,5156,07:00:00
7163,5118,22:30:00
7164,1450,23:42:00
7165,2100,06:15:00
7166,7266,21:00:00
7167,8726,21:00:00
7168,5127,14:00:00
7169,4506,22:30:00
7170,3680,15:00:00
7171,6037,06:15:00
7172,3135,15:00:00
7173,8094,15:00:00
7174,4056,22:30:00
7175,2917,21:00:00
7176,2704,06:15:00
7177,2687,06:00:00
7178,2590,06:15:00
7179,110,22:15:00
7180,1624,15:00:00
7181,4462,23:42:00
7182,2198,21:00:00
7183,738,15:00:00
7184,7191,07:30:00
7185,3787,22:30:00
7186,4543,22:15:00
7187,3604,15:34:00
7188,2688,14:15:00
7189,4082,14:15:00
7190,469,14:00:00
7191,8485,15:34:00
7192,3785,07:00:00
7193,8887,08:42:00
7194,9566,23:42:00
7195,2553,15:00:00
7196,1028,14:15:00
7197,3839,06:15:00
7198,2156,15:34:00
7199,828,15:00:00
7200,8983,07:30:00
7201,6363,22:30:00
7202,6353,15:34:00
7203,38,14:15:00
7204,3400,23:42:00
7205,7528,22:15:00
7206,3954,15:30:00
7207,4413,14:00:00
7208,5525,22:15:00
7209,1156,15:34:00
7210,5431,07:30:00
7211,3440,14:15:00
7212,4567,21:00:00
7213,6637,22:30:00
7214,8372,06:00:00
7215,2035,22:15:00
7216,7903,06:00:00
7217,4136,21:00:00
7218,5734,15:34:00
7219,6555,15:00:00
7220,2844,14:15:00
7221,6110,07:30:00
7222,5492,21:00:00
7223,9142,22:30:00
7224,2378,15:00:00
7225,9234,15:30:00
7226,579,14:00:00
7227,1117,22:30:00
7228,385,22:30:00
7229,5479,14:15:00
7230,3047,15:30:00
7231,6281,14:15:00
7232,429,15:00:00
7233,6031,15:34:00
7234,8037,06:15:00
7235,9498,14:15:00
7236,5443,07:30:00
7237,4126,22:15:00
7238,6186,14:00:00
7239,5774,22:30:00
7240,5913,06:00:00
7241,6846,06:00:00
7242,4284,22:30:00
7243,6930,08:42:00
7244,5768,07:00:00
7245,5392,21:00:00
7246,9273,08:42:00
7247,1470,14:15:00
7248,3711,08:42:00
7249,1914,15:30:00
7250,9526,06:00:00
7251,8764,15:30:00
7252,5762,14:15:00
7253,8672,15:30:00
7254,4144,21:00:00
7255,9802,14:15:00
7256,3512,14:15:00
7257,7091,08:42:00
7258,5112,23:42:00
7259,773,21:00:00
7260,9132,15:30:00
7261,9549,21:00:00
7262,9461,08:42:00
7263,3599,15:34:00
7264,9831,15:00:00
7265,492,06:00:00
7266,3939,06:00:00
7267,9058,06:00:00
7268,923,14:00:00
7269,506,21:00:00
7270,9145,22:15:00
7271,8441,07:00:00
7272,2710,07:00:00
7273,4433,21:00:00
7274,5398,23:42:00
7275,3774,23:42:00
7276,7810,07:30:00
7277,9813,21:00:00
7278,1894,15:00:00
7279,5836,14:00:00
7280,7586,22:30:00
7281,1678,15:34:00
7282,7080,06:15:00
7283,5188,06:00:00
7284,9041,07:00:00
7285,2002,21:00:00
7286,793,08:42:00
7287,8577,07:00:00
7288,1697,15:00:00
7289,9538,14:00:00
7290,2269,07:30:00
7291,3317,15:34:00
7292,9364,21:00:00
7293,8189,15:00:00
7294,3083,22:30:00
7295,1071,22:15:00
7296,2338,06:00:00
7297,9544,22:30:00
7298,1719,06:00:00
7299,2115,07:00:00
7300,9334,15:00:00
7301,6687,15:34:00
7302,1821,15:34:00
7303,8226,08:42:00
7304,8830,06:15:00
7305,1581,15:34:00
7306,3985,07:00:00
7307,510,07:00:00
7308,8058,22:30:00
7309,4174,14:00:00
7310,155,14:00:00
7311,7559,07:00:00
7312,3285,23:42:00
7313,2223,22:15:00
7314,4881,22:30:00
7315,4821,15:34:00
7316,220,22:15:00
7317,5368,22:15:00
7318,8877,14:15:00
7319,5722,22:30:00
7320,3269,14:15:00
7321,1029,07:00:00
7322,7146,14:15:00
7323,3102,21:00:00
7324,4628,21:00:00
7325,5942,21:00:00
7326,7480,08:42:00
7327,8479,08:42:00
7328,8784,15:34:00
7329,7541,14:00:00
7330,3348,06:00:00
7331,5951,06:15:00
7332,1379,07:30:00
7333,3017,07:00:00
7334,9063,23:42:00
7335,1888,07:30:00
7336,3044,14:00:00
7337,656,07:30:00
7338,2013,08:42:00
7339,8757,07:30:00
7340,4781,21:00:00
7341,9760,15:00:00
7342,6521,06:15:00
7343,464,14:15:00
7344,7846,21:00:00
7345,7867,22:30:00
7346,3911,23:42:00
7347,7592,15:00:00
7348,5139,07:00:00
7349,2302,06:00:00
7350,5998,23:42:00
7351,6696,06:00:00
7352,4358,15:00:00
7353,5594,22:15:00
7354,9033,07:30:00
7355,5508,15:34:00
7356,753,15:00:00
7357,866,08:42:00
7358,5191,21:00:00
7359,395,14:15:00
7360,4524,14:15:00
7361,7569,08:42:00
7362,699,15:30:00
7363,7532,15:30:00
7364,4312,23:42:00
7365,7898,06:15:00
7366,393,22:15:00
7367,9920,23:42:00
7368,1196,07:30:00
7369,8300,22:15:00
7370,1133,07:30:00
7371,2392,14:00:00
7372,5238,08:42:00
7373,4682,15:34:00
7374,778,15:34:00
7375,8132,06:15:00
7376,7454,07:00:00
7377,4554,15:34:00
7378,6889,07:30:00
7379,467,06:00:00
7380,2580,21:00:00
7381,1027,06:00:00
7382,6857,22:30:00
7383,6951,08:42:00
7384,3532,06:00:00
7385,4062,14:00:00
7386,3671,06:00:00
7387,7275,06:15:00
7388,6879,15:30:00
7389,5997,06:15:00
7390,1000,15:34:00
7391,2458,06:15:00
7392,398,06:00:00
7393,538,15:30:00
7394,4470,07:00:00
7395,4253,15:00:00
7396,199,22:30:00
7397,8302,06:00:00
7398,5390,22:30:00
7399,3142,14:00:00
7400,3104,14:00:00
7401,4291,06:00:00
7402,1331,21:00:00
7403,5536,23:42:00
7404,8840,07:00:00
7405,9520,14:00:00
7406,5369,07:00:00
7407,269,06:00:00
7408,3670,07:00:00
7409,5750,06:15:00
7410,4065,15:34:00
7411,4848,08:42:00
7412,3510,07:00:00
7413,3657,15:00:00
7414,5396,23:42:00
7415,8769,07:00:00
7416,8240,21:00:00
7417,701,23:42:00
7418,2879,07:00:00
7419,1501,15:00:00
7420,182,15:00:00
7421,5131,21:00:00
7422,2722,06:15:00
7423,920,22:15:00
7424,8018,21:00:00
7425,1415,15:30:00
7426,1605,15:00:00
7427,3527,21:00:00
7428,7796,15:00:00
7429,9645,21:00:00
7430,8572,14:15:00
7431,5735,23:42:00
7432,3590,07:30:00
7433,7522,06:00:00
7434,2914,21:00:00
7435,3072,15:00:00
7436,8478,15:34:00
7437,2170,15:30:00
7438,4317,14:00:00
7439,2006,21:00:00
7440,7083,07:30:00
7441,1698,14:15:00
7442,9287,07:00:00
7443,7687,14:00:00
7444,8324,21:00:00
7445,5681,15:30:00
7446,3187,22:30:00
7447,1935,07:30:00
7448,7044,14:00:00
7449,6377,06:00:00
7450,9759,14:15:00
7451,7033,15:34:00
7452,7251,21:00:00
7453,881,07:30:00
7454,8463,23:42:00
7455,9522,14:00:00
7456,4411,06:15:00
7457,7537,15:00:00
7458,7489,15:30:00
7459,4308,22:30:00
7460,7919,22:15:00
7461,1591,08:42:00
7462,7780,14:15:00
7463,2730,14:15:00
7464,6515,15:34:00
7465,1239,22:15:00
7466,4034,15:30:00
7467,8090,15:00:00
7468,5787,22:15:00
7469,6455,06:15:00
7470,4061,14:00:00
7471,5187,14:00:00
7472,944,07:30:00
7473,5817,23:42:00
7474,6536,14:00:00
7475,6726,15:30:00
7476,3704,06:15:00
7477,6755,15:34:00
7478,8198,06:15:00
7479,7278,07:00:00
7480,2142,22:30:00
7481,5794,21:00:00
7482,1950,15:30:00
7483,565,15:34:00
7484,5731,07:00:00
7485,5777,06:15:00
7486,5242,07:30:00
7487,7618,07:30:00
7488,5603,15:00:00
7489,1104,15:30:00
7490,9869,15:30:00
7491,9750,14:00:00
7492,6288,08:42:00
7493,5045,15:00:00
7494,4602,08:42:00
7495,5513,08:42:00
7496,6336,23:42:00
7497,5903,07:30:00
7498,6621,22:15:00
7499,7105,15:30:00
7500,3406,15:30:00
7501,3397,14:15:00
7502,7257,21:00:00
7503,9861,07:00:00
7504,3592,22:15:00
7505,1364,06:15:00
7506,8439,22:15:00
7507,4722,15:00:00
7508,6280,14:00:00
7509,3382,21:00:00
7510,8138,07:30:00
7511,1103,15:34:00
7512,8685,06:15:00
7513,7863,14:00:00
7514,7488,22:30:00
7515,4480,15:00:00
7516,8053,22:15:00
7517,1589,14:00:00
7518,8737,07:30:00
7519,7644,14:00:00
7520,3160,07:00:00
7521,5780,21:00:00
7522,6023,15:00:00
7523,3357,14:00:00
7524,345,07:00:00
7525,6881,21:00:00
7526,8211,07:00:00
7527,2927,22:15:00
7528,1350,07:00:00
7529,5576,15:34:00
7530,4627,14:15:00
7531,949,15:00:00
7532,934,15:34:00
7533,9626,07:30:00
7534,9514,07:00:00
7535,5113,07:00:00
7536,2292,14:15:00
7537,8121,21:00:00
7538,8415,21:00:00
7539,9872,06:15:00
7540,496,21:00:00
7541,8014,15:30:00
7542,3815,15:34:00
7543,6257,14:15:00
7544,4124,14:15:00
7545,3644,21:00:00
7546,1671,22:30:00
7547,8857,21:00:00
7548,4931,06:15:00
7549,4314,21:00:00
7550,8644,15:34:00
7551,2273,23:42:00
7552,2835,06:00:00
7553,5973,15:30:00
7554,1494,15:34:00
7555,2436,15:30:00
7556,8698,15:00:00
7557,7396,23:42:00
7558,8386,22:15:00
7559,1942,07:00:00
7560,9540,14:00:00
7561,2731,06:00:00
7562,8488,06:15:00
7563,5928,15:00:00
7564,1848,21:00:00
7565,6483,21:00:00
7566,3672,07:00:00
7567,7398,23:42:00
7568,6226,22:15:00
7569,420,21:00:00
7570,5159,07:00:00
7571,608,21:00:00
7572,6425,14:15:00
7573,2344,21:00:00
7574,11,21:00:00
7575,2298,07:30:00
7576,6635,22:30:00
7577,8274,07:30:00
7578,8279,21:00:00
7579,7749,08:42:00
7580,2712,07:00:00
7581,9444,22:30:00
7582,5701,06:15:00
7583,375,14:00:00
7584,5075,23:42:00
7585,9870,14:00:00
7586,9176,21:00:00
7587,6284,15:30:00
7588,8863,14:15:00
7589,7289,06:15:00
7590,9075,06:00:00
7591,7050,21:00:00
7592,1890,22:30:00
7593,2367,06:15:00
7594,7524,22:15:00
7595,8975,15:30:00
7596,6032,07:00:00
7597,3298,07:30:00
7598,4562,22:30:00
7599,1154,22:30:00
7600,1067,15:30:00
7601,4075,14:00:00
7602,2899,08:42:00
7603,4639,07:00:00
7604,274,21:00:00
7605,3320,15:34:00
7606,170,14:15:00
7607,9164,15:34:00
7608,3493,21:00:00
7609,4468,14:00:00
7610,1718,21:00:00
7611,4659,14:00:00
7612,8696,06:15:00
7613,5400,22:15:00
7614,1193,08:42:00
7615,3453,08:42:00
7616,7921,06:00:00
7617,1598,22:15:00
7618,3538,23:42:00
7619,4640,21:00:00
7620,7703,08:42:00
7621,5266,15:30:00
7622,1801,15:00:00
7623,7627,08:42:00
7624,3618,22:15:00
7625,9968,15:30:00
7626,4033,22:30:00
7627,1654,14:00:00
7628,8911,08:42:00
7629,5517,15:00:00
7630,7428,08:42:00
7631,9709,06:15:00
7632,8889,15:34:00
7633,5337,15:34:00
7634,901,22:15:00
7635,3972,06:15:00
7636,6060,22:30:00
7637,3092,14:00:00
7638,8937,07:00:00
7639,6917,21:00:00
7640,4424,21:00:00
7641,799,15:00:00
7642,3211,08:42:00
7643,2534,14:00:00
7644,9284,21:00:00
7645,1586,22:30:00
7646,2657,21:00:00
7647,8417,06:00:00
7648,4157,14:15:00
7649,6229,08:42:00
7650,3557,06:00:00
7651,2370,06:00:00
7652,5262,06:15:00
7653,8260,06:00:00
7654,7960,15:34:00
7655,5433,23:42:00
7656,3878,07:00:00
7657,2841,15:34:00
7658,886,15:00:00
7659,3767,21:00:00
7660,552,06:15:00
7661,1119,14:00:00
7662,4370,07:00:00
7663,5800,22:30:00
7664,626,15:00:00
7665,8232,08:42:00
7666,2836,06:15:00
7667,9118,21:00:00
7668,5197,06:00:00
7669,43,07:00:00
7670,7717,06:15:00
7671,2289,06:15:00
7672,6036,14:00:00
7673,7516,21:00:00
7674,6519,06:15:00
7675,5966,21:00:00
7676,2465,21:00:00
7677,1382,23:42:00
7678,6650,07:00:00
7679,6700,15:34:00
7680,8002,15:00:00
7681,2357,07:00:00
7682,9728,21:00:00
7683,2806,07:30:00
7684,6992,23:42:00
7685,8447,08:42:00
7686,9121,23:42:00
7687,3281,22:30:00
7688,9943,15:30:00
7689,6419,14:15:00
7690,7090,06:15:00
7691,55,14:00:00
7692,4509,06:15:00
7693,2824,14:15:00
7694,2940,23:42:00
7695,3096,23:42:00
7696,7840,15:34:00
7697,6844,07:00:00
7698,700,15:00:00
7699,3580,15:34:00
7700,1786,07:30:00
7701,6784,21:00:00
7702,5841,15:00:00
7703,4117,15:30:00
7704,2256,14:00:00
7705,2735,15:00:00
7706,7439,07:30:00
7707,5429,21:00:00
7708,7558,14:00:00
7709,5675,14:15:00
7710,8953,06:00:00
7711,4236,08:42:00
7712,1757,15:30:00
7713,501,22:15:00
7714,915,22:30:00
7715,4626,07:00:00
7716,1486,22:30:00
7717,7025,15:30:00
7718,4346,23:42:00
7719,4045,23:42:00
7720,8048,15:34:00
7721,5206,14:15:00
7722,9862,15:30:00
7723,6583,07:30:00
7724,9753,06:15:00
7725,9212,15:30:00
7726,7792,22:30:00
7727,7496,06:15:00
7728,7721,23:42:00
7729,7328,15:00:00
7730,4347,06:00:00
7731,9024,14:00:00
7732,8869,08:42:00
7733,7307,07:30:00
7734,6633,22:15:00
7735,2956,14:15:00
7736,9081,14:15:00
7737,8057,14:15:00
7738,4095,07:00:00
7739,9689,14:00:00
7740,2106,23:42:00
7741,4397,22:30:00
7742,8135,14:15:00
7743,1561,21:00:00
7744,1010,21:00:00
7745,6669,06:15:00
7746,5393,23:42:00
7747,6068,15:34:00
7748,5834,21:00:00
7749,4782,15:00:00
7750,8820,15:30:00
7751,7535,23:42:00
7752,5218,14:00:00
7753,7182,06:00:00
7754,7602,21:00:00
7755,9593,06:00:00
7756,6851,14:00:00
7757,3161,23:42:00
7758,91,06:00:00
7759,6518,23:42:00
7760,1852,06:00:00
7761,3663,15:34:00
7762,891,15:00:00
7763,5743,23:42:00
7764,2355,07:30:00
7765,5137,06:15:00
7766,4338,22:30:00
7767,3016,06:00:00
7768,6598,15:30:00
7769,2753,14:00:00
7770,5829,21:00:00
7771,9777,15:34:00
7772,9609,21:00:00
7773,2234,14:15:00
7774,4815,07:30:00
7775,5953,21:00:00
7776,6586,15:00:00
7777,1744,15:00:00
7778,3813,15:00:00
7779,488,07:30:00
7780,6604,08:42:00
7781,728,07:30:00
7782,318,06:00:00
7783,7546,21:00:00
7784,7847,06:15:00
7785,446,15:34:00
7786,5284,21:00:00
7787,3279,23:42:00
7788,7055,06:00:00
7789,3755,14:15:00
7790,2894,23:42:00
7791,7578,21:00:00
7792,9560,21:00:00
7793,2512,21:00:00
7794,6537,08:42:00
7795,1728,07:00:00
7796,2996,23:42:00
7797,1316,21:00:00
7798,329,06:00:00
7799,7904,22:15:00
7800,7364,08:42:00
7801,2139,22:30:00
7802,3393,07:00:00
7803,7574,15:34:00
7804,7843,07:30:00
7805,7632,15:00:00
7806,8067,14:15:00
7807,1356,07:30:00
7808,6403,06:00:00
7809,1318,14:15:00
7810,6350,07:30:00
7811,5278,21:00:00
7812,7969,06:15:00
7813,7600,23:42:00
7814,7616,06:15:00
7815,260,15:34:00
7816,8997,14:00:00
7817,5977,14:00:00
7818,2536,15:00:00
7819,7896,21:00:00
7820,7034,15:00:00
7821,2313,06:15:00
7822,8305,15:30:00
7823,7339,06:00:00
7824,1733,06:15:00
7825,2523,06:15:00
7826,5,06:15:00
7827,9686,07:00:00
7828,9627,07:00:00
7829,3214,22:15:00
7830,1278,06:15:00
7831,6437,14:15:00
7832,5453,21:00:00
7833,6424,07:00:00
7834,3879,07:30:00
7835,206,08:42:00
7836,8236,21:00:00
7837,2669,21:00:00
7838,6976,15:30:00
7839,4786,08:42:00
7840,8436,21:00:00
7841,261,07:30:00
7842,4103,14:00:00
7843,4987,21:00:00
7844,7441,14:15:00
7845,9405,07:30:00
7846,95,06:15:00
7847,279,07:30:00
7848,5181,21:00:00
7849,2131,14:00:00
7850,16,14:00:00
7851,6960,06:15:00
7852,6054,14:00:00
7853,3043,08:42:00
7854,2619,06:00:00
7855,4348,15:30:00
7856,1372,23:42:00
7857,1891,23:42:00
7858,1570,07:30:00
7859,4310,07:30:00
7860,6048,22:15:00
7861,5535,08:42:00
7862,2428,15:34:00
7863,6355,14:15:00
7864,8884,15:30:00
7865,1411,21:00:00
7866,164,06:00:00
7867,5949,14:15:00
7868,6438,21:00:00
7869,7593,22:30:00
7870,5173,14:15:00
7871,3081,06:00:00
7872,9884,23:42:00
7873,9467,07:00:00
7874,2058,22:15:00
7875,2671,23:42:00
7876,7066,21:00:00
7877,2869,21:00:00
7878,8393,15:34:00
7879,3900,15:34:00
7880,1787,06:00:00
7881,9125,07:00:00
7882,4465,22:15:00
7883,7585,23:42:00
7884,7303,06:00:00
7885,3701,07:00:00
7886,676,08:42:00
7887,1515,07:00:00
7888,6837,14:15:00
7889,9990,22:15:00
7890,5381,15:30:00
7891,2699,15:30:00
7892,6600,21:00:00
7893,7599,23:42:00
7894,5480,14:00:00
7895,9472,15:00:00
7896,2909,15:00:00
7897,4577,22:30:00
7898,1980,07:30:00
7899,7553,08:42:00
7900,9917,15:00:00
7901,1206,14:00:00
7902,1854,15:00:00
7903,3075,06:15:00
7904,9245,07:30:00
7905,4319,22:15:00
7906,573,15:00:00
7907,5521,15:34:00
7908,4336,07:00:00
7909,3474,07:30:00
7910,7647,22:15:00
7911,4614,15:30:00
7912,8987,07:30:00
7913,5073,06:15:00
7914,4011,14:15:00
7915,4213,08:42:00
7916,7466,15:00:00
7917,6937,08:42:00
7918,9102,22:15:00
7919,3417,06:15:00
7920,392,07:00:00
7921,667,06:15:00
7922,8554,22:15:00
7923,267,15:34:00
7924,5833,15:34:00
7925,8679,07:00:00
7926,1637,15:00:00
7927,2297,21:00:00
7928,4788,23:42:00
7929,7365,14:15:00
7930,943,22:15:00
7931,9468,22:15:00
7932,1080,14:00:00
7933,1223,15:30:00
7934,707,22:30:00
7935,5165,14:00:00
7936,5754,08:42:00
7937,7258,15:30:00
7938,4924,14:00:00
7939,8257,14:15:00
7940,5971,07:30:00
7941,6638,21:00:00
7942,8874,21:00:00
7943,554,06:15:00
7944,9406,22:30:00
7945,4776,21:00:00
7946,3053,22:30:00
7947,2230,22:15:00
7948,775,06:00:00
7949,1931,06:15:00
7950,1425,07:00:00
7951,6901,22:15:00
7952,650,15:30:00
7953,7825,06:15:00
7954,9045,15:00:00
7955,6051,14:15:00
7956,4238,22:30:00
7957,5110,14:15:00
7958,1002,22:15:00
7959,9198,21:00:00
7960,1962,14:00:00
7961,9003,07:00:00
7962,9701,23:42:00
7963,4985,06:15:00
7964,1869,06:15:00
7965,4925,08:42:00
7966,7419,15:30:00
7967,2793,15:34:00
7968,7271,07:30:00
7969,780,08:42:00
7970,6157,08:42:00
7971,1041,06:00:00
7972,6919,14:15:00
7973,1016,22:15:00
7974,1577,15:34:00
7975,8909,23:42:00
7976,2178,07:30:00
7977,2829,22:15:00
7978,9225,21:00:00
7979,2667,15:34:00
7980,7134,15:00:00
7981,6025,21:00:00
7982,4939,15:00:00
7983,564,14:00:00
7984,8456,15:00:00
7985,7052,15:00:00
7986,5177,07:30:00
7987,1767,22:30:00
7988,3741,07:30:00
7989,9162,15:00:00
7990,8307,22:30:00
7991,7403,23:42:00
7992,1855,07:00:00
7993,2987,07:00:00
7994,3278,21:00:00
7995,5444,15:00:00
7996,1297,07:00:00
7997,5399,06:00:00
7998,431,22:15:00
7999,3447,22:15:00
8000,2826,06:15:00
8001,6305,15:34:00
8002,6490,15:34:00
8003,6940,14:00:00
8004,3823,21:00:00
8005,9806,22:15:00
8006,7961,21:00:00
8007,2352,22:30:00
8008,4170,07:00:00
8009,6608,22:15:00
8010,9274,08:42:00
8011,4382,15:00:00
8012,2040,15:00:00
8013,489,22:30:00
8014,2859,22:30:00
8015,1395,14:00:00
8016,173,21:00:00
8017,6383,14:15:00
8018,2140,22:30:00
8019,9482,06:00:00
8020,4523,15:30:00
8021,4220,08:42:00
8022,938,21:00:00
8023,258,22:30:00
8024,9373,15:34:00
8025,6219,21:00:00
8026,6590,14:15:00
8027,7400,23:42:00
8028,3372,07:00:00
8029,4198,21:00:00
8030,7024,15:30:00
8031,1168,06:00:00
8032,8149,07:00:00
8033,3806,15:30:00
8034,6366,07:30:00
8035,9027,21:00:00
8036,5656,15:30:00
8037,6619,06:00:00
8038,4222,21:00:00
8039,3008,21:00:00
8040,5679,08:42:00
8041,6138,07:00:00
8042,693,14:00:00
8043,3194,08:42:00
8044,3928,22:15:00
8045,383,08:42:00
8046,1609,06:15:00
8047,1627,15:00:00
8048,8717,15:00:00
8049,75,15:34:00
8050,7209,14:00:00
8051,7768,06:00:00
8052,2253,14:00:00
8053,3349,15:34:00
8054,5683,15:30:00
8055,6997,08:42:00
8056,7918,22:15:00
8057,1841,15:34:00
8058,8978,15:30:00
8059,882,22:15:00
8060,4696,08:42:00
8061,5243,22:15:00
8062,9769,14:00:00
8063,4575,22:15:00
8064,8550,15:34:00
8065,7549,08:42:00
8066,2056,22:15:00
8067,4231,22:30:00
8068,2665,22:15:00
8069,3405,06:00:00
8070,3856,07:30:00
8071,1124,22:30:00
8072,6468,08:42:00
8073,7016,21:00:00
8074,6579,07:30:00
8075,9678,06:00:00
8076,8346,21:00:00
8077,3467,21:00:00
8078,5102,15:00:00
8079,3054,23:42:00
8080,2746,21:00:00
8081,2999,06:15:00
8082,7281,22:15:00
8083,3734,15:34:00
8084,9725,22:30:00
8085,6204,08:42:00
8086,8856,22:15:00
8087,7214,15:30:00
8088,4828,06:00:00
8089,6505,15:34:00
8090,7371,06:00:00
8091,5930,08:42:00
8092,6040,06:15:00
8093,7412,08:42:00
8094,2653,15:00:00
8095,1726,07:00:00
8096,6494,14:00:00
8097,5648,14:15:00
8098,1992,06:00:00
8099,1203,21:00:00
8100,7177,15:34:00
8101,6149,21:00:00
8102,4028,23:42:00
8103,2332,23:42:00
8104,9868,15:34:00
8105,9379,14:15:00
8106,4026,14:00:00
8107,1164,15:34:00
8108,4902,22:30:00
8109,2791,14:15:00
8110,3953,21:00:00
8111,2533,06:15:00
8112,2130,21:00:00
8113,9299,15:00:00
8114,5005,06:15:00
8115,2042,22:15:00
8116,7508,07:00:00
8117,5564,22:30:00
8118,8382,15:30:00
8119,2837,06:00:00
8120,7589,07:00:00
8121,5505,21:00:00
8122,4073,22:30:00
8123,5652,06:00:00
8124,6381,14:15:00
8125,7001,15:34:00
8126,9954,07:30:00
8127,1039,21:00:00
8128,202,22:30:00
8129,6231,22:30:00
8130,747,21:00:00
8131,9590,21:00:00
8132,3736,08:42:00
8133,4546,22:15:00
8134,6174,06:00:00
8135,1081,22:15:00
8136,1422,15:30:00
8137,5323,08:42:00
8138,4069,14:00:00
8139,7726,14:15:00
8140,6923,15:34:00
8141,4275,07:30:00
8142,4179,07:30:00
8143,8140,06:00:00
8144,7844,14:15:00
8145,7096,21:00:00
8146,2151,07:00:00
8147,2082,15:00:00
8148,3415,22:15:00
8149,5831,14:15:00
8150,9606,15:34:00
8151,320,07:30:00
8152,5539,07:30:00
8153,6222,15:34:00
8154,9964,06:15:00
8155,276,06:00:00
8156,1202,06:00:00
8157,5067,08:42:00
8158,9749,07:00:00
8159,1289,22:15:00
8160,2187,08:42:00
8161,3257,21:00:00
8162,2955,15:30:00
8163,7743,22:15:00
8164,281,23:42:00
8165,4269,06:00:00
8166,589,21:00:00
8167,2758,06:00:00
8168,1077,21:00:00
8169,8918,07:30:00
8170,5128,21:00:00
8171,9581,22:15:00
8172,2971,22:30:00
8173,6058,22:15:00
8174,9784,14:00:00
8175,3961,08:42:00
8176,561,21:00:00
8177,474,21:00:00
8178,4008,22:15:00
8179,246,23:42:00
8180,879,14:15:00
8181,2208,14:00:00
8182,5897,22:15:00
8183,8876,15:00:00
8184,4394,07:00:00
8185,1791,08:42:00
8186,7210,15:34:00
8187,877,07:30:00
8188,1132,14:00:00
8189,1940,22:15:00
8190,1013,14:15:00
8191,716,07:00:00
8192,7718,21:00:00
8193,9625,06:00:00
8194,8235,15:30:00
8195,8304,07:00:00
8196,6104,21:00:00
8197,604,22:30:00
8198,5499,23:42:00
8199,5342,14:15:00
8200,9836,14:00:00
8201,4716,08:42:00
8202,7355,22:30:00
8203,2608,08:42:00
8204,3039,06:00:00
8205,6093,06:15:00
8206,5482,21:00:00
8207,7577,23:42:00
8208,2750,15:30:00
8209,6214,06:15:00
8210,7692,22:15:00
8211,9073,15:30:00
8212,9232,21:00:00
8213,9988,15:30:00
8214,9151,06:00:00
8215,7416,23:42:00
8216,3107,15:30:00
8217,2017,08:42:00
8218,3729,08:42:00
8219,7075,06:15:00
8220,2589,14:15:00
8221,9730,14:15:00
8222,5351,15:30:00
8223,3109,21:00:00
8224,3057,23:42:00
8225,5958,15:30:00
8226,6572,06:00:00
8227,7912,21:00:00
8228,9891,21:00:00
8229,5786,07:00:00
8230,5313,21:00:00
8231,9429,22:30:00
8232,5411,06:15:00
8233,4190,21:00:00
8234,9298,06:15:00
8235,5217,06:15:00
8236,6566,08:42:00
8237,466,21:00:00
8238,7227,21:00:00
8239,7698,15:00:00
8240,2719,15:00:00
8241,8985,06:00:00
8242,7631,08:42:00
8243,7854,15:00:00
8244,7551,06:00:00
8245,4977,14:15:00
8246,8518,15:00:00
8247,3331,06:15:00
8248,280,15:30:00
8249,3874,08:42:00
8250,8120,07:00:00
8251,1867,06:00:00
8252,3605,23:42:00
8253,1746,08:42:00
8254,6020,22:30:00
8255,7581,15:30:00
8256,3920,07:30:00
8257,247,15:34:00
8258,1858,15:00:00
8259,9433,08:42:00
8260,790,23:42:00
8261,2860,07:00:00
8262,9925,06:15:00
8263,7086,23:42:00
8264,2752,15:30:00
8265,3971,06:00:00
8266,1970,15:30:00
8267,3620,15:34:00
8268,512,15:00:00
8269,253,23:42:00
8270,2567,07:00:00
8271,8991,22:15:00
8272,752,08:42:00
8273,3119,21:00:00
8274,1722,06:15:00
8275,8837,21:00:00
8276,234,06:15:00
8277,5395,15:00:00
8278,842,15:34:00
8279,2529,21:00:00
8280,887,07:30:00
8281,9737,15:00:00
8282,711,06:00:00
8283,1772,06:15:00
8284,815,07:00:00
8285,6158,22:30:00
8286,4151,06:15:00
8287,5538,07:00:00
8288,1322,07:30:00
8289,3076,21:00:00
8290,5172,15:30:00
8291,7901,14:00:00
8292,2673,23:42:00
8293,4712,21:00:00
8294,1044,07:30:00
8295,6117,07:30:00
8296,6967,23:42:00
8297,4037,21:00:00
8298,7184,06:15:00
8299,7985,21:00:00
8300,809,15:00:00
8301,8910,15:30:00
8302,7953,07:00:00
8303,4503,23:42:00
8304,3639,06:00:00
8305,3087,07:30:00
8306,1971,21:00:00
8307,547,15:30:00
8308,1137,15:30:00
8309,2988,07:30:00
8310,3262,06:00:00
8311,2052,22:15:00
8312,4167,07:00:00
8313,9882,08:42:00
8314,8906,06:00:00
8315,6240,08:42:00
8316,3827,14:00:00
8317,9168,15:30:00
8318,3866,06:15:00
8319,433,14:15:00
8320,6526,06:00:00
8321,6520,06:00:00
8322,8171,07:00:00
8323,4849,08:42:00
8324,2584,21:00:00
8325,3395,15:30:00
8326,2621,07:00:00
8327,23,15:30:00
8328,4912,15:00:00
8329,4280,06:15:00
8330,4986,14:15:00
8331,7335,22:15:00
8332,712,08:42:00
8333,8313,07:30:00
8334,3705,22:30:00
8335,8509,15:00:00
8336,6644,06:00:00
8337,3821,15:30:00
8338,1700,22:15:00
8339,3824,14:00:00
8340,8808,07:30:00
8341,8879,07:00:00
8342,9201,06:15:00
8343,6532,21:00:00
8344,2191,15:30:00
8345,4803,14:00:00
8346,5796,21:00:00
8347,7047,22:30:00
8348,7238,06:00:00
8349,7510,21:00:00
8350,9632,14:00:00
8351,2908,14:15:00
8352,5509,07:00:00
8353,5844,23:42:00
8354,7536,06:15:00
8355,7435,06:15:00
8356,2876,15:30:00
8357,758,06:15:00
8358,6314,22:30:00
8359,859,14:15:00
8360,5636,21:00:00
8361,98,21:00:00
8362,5918,15:30:00
8363,3807,07:30:00
8364,2410,07:00:00
8365,8207,21:00:00
8366,3308,14:15:00
8367,7880,06:00:00
8368,9446,15:30:00
8369,7145,14:15:00
8370,1775,06:00:00
8371,4671,15:00:00
8372,8584,22:30:00
8373,3574,21:00:00
8374,836,22:30:00
8375,4169,14:00:00
8376,9955,15:30:00
8377,6977,15:30:00
8378,1495,15:30:00
8379,6856,23:42:00
8380,4672,07:30:00
8381,4632,07:30:00
8382,513,22:30:00
8383,9924,14:00:00
8384,4631,15:30:00
8385,34,21:00:00
8386,9082,14:00:00
8387,925,15:34:00
8388,2796,21:00:00
8389,605,22:15:00
8390,974,15:00:00
8391,537,08:42:00
8392,5920,21:00:00
8393,87,06:00:00
8394,1355,08:42:00
8395,4440,14:15:00
8396,1097,15:30:00
8397,418,22:15:00
8398,2073,15:30:00
8399,2786,14:15:00
8400,3138,23:42:00
8401,9910,15:30:00
8402,7623,06:15:00
8403,7232,06:00:00
8404,7583,15:34:00
8405,8137,08:42:00
8406,5275,06:00:00
8407,7239,06:15:00
8408,2668,14:15:00
8409,1616,15:34:00
8410,4974,23:42:00
8411,1947,08:42:00
8412,8823,14:00:00
8413,1479,07:30:00
8414,3724,15:00:00
8415,7385,06:15:00
8416,9528,06:15:00
8417,9911,08:42:00
8418,4223,22:15:00
8419,1590,21:00:00
8420,3771,14:00:00
8421,8217,22:30:00
8422,1073,15:34:00
8423,6978,06:00:00
8424,273,08:42:00
8425,7228,06:00:00
8426,1594,21:00:00
8427,337,07:00:00
8428,7722,15:34:00
8429,5562,22:30:00
8430,3960,23:42:00
8431,1062,14:00:00
8432,8777,07:00:00
8433,394,08:42:00
8434,8591,06:00:00
8435,9347,14:15:00
8436,7181,21:00:00
8437,2163,14:00:00
8438,9388,23:42:00
8439,4192,22:15:00
8440,1926,15:34:00
8441,6593,07:00:00
8442,7158,22:30:00
8443,278,21:00:00
8444,3470,15:34:00
8445,3645,15:00:00
8446,5083,14:00:00
8447,8521,08:42:00
8448,7971,22:15:00
8449,3399,07:00:00
8450,9053,07:30:00
8451,308,07:30:00
8452,2986,14:15:00
8453,7172,06:00:00
8454,1244,22:15:00
8455,7947,23:42:00
8456,4189,14:15:00
8457,4610,21:00:00
8458,5376,07:30:00
8459,4383,06:00:00
8460,682,22:15:00
8461,7166,21:00:00
8462,2783,14:00:00
8463,4600,14:15:00
8464,9782,06:15:00
8465,1433,07:30:00
8466,6062,23:42:00
8467,9695,15:34:00
8468,9382,14:15:00
8469,7114,22:15:00
8470,5325,06:00:00
8471,9385,08:42:00
8472,480,23:42:00
8473,5463,07:30:00
8474,198,21:00:00
8475,2021,07:00:00
8476,4016,15:30:00
8477,2854,14:00:00
8478,138,15:00:00
8479,6814,21:00:00
8480,6630,23:42:00
8481,8697,08:42:00
8482,8493,22:30:00
8483,8897,07:00:00
8484,5678,21:00:00
8485,2603,06:00:00
8486,1566,21:00:00
8487,4063,06:15:00
8488,8744,14:15:00
8489,7797,14:15:00
8490,2701,21:00:00
8491,9307,15:34:00
8492,7993,06:15:00
8493,5184,15:34:00
8494,6316,22:15:00
8495,2918,23:42:00
8496,541,07:00:00
8497,3560,06:00:00
8498,8683,15:34:00
8499,9332,22:30:00
8500,3441,07:00:00
8501,7180,06:00:00
8502,5486,22:15:00
8503,5286,22:15:00
8504,6567,21:00:00
8505,4606,14:15:00
8506,1204,15:30:00
8507,5457,08:42:00
8508,771,21:00:00
8509,4720,07:30:00
8510,5668,21:00:00
8511,2397,14:15:00
8512,7951,15:00:00
8513,3914,08:42:00
8514,2284,15:34:00
8515,6506,07:00:00
8516,1467,22:15:00
8517,4399,22:30:00
8518,3090,14:15:00
8519,4295,07:30:00
8520,3517,06:00:00
8521,4031,07:00:00
8522,5458,15:30:00
8523,7734,15:30:00
8524,1018,21:00:00
8525,8253,06:00:00
8526,4807,08:42:00
8527,7475,15:00:00
8528,499,08:42:00
8529,4832,14:15:00
8530,7974,23:42:00
8531,7793,22:30:00
8532,2642,21:00:00
8533,9865,06:15:00
8534,582,15:00:00
8535,7125,07:00:00
8536,6132,07:00:00
8537,1207,06:00:00
8538,6525,08:42:00
8539,6611,21:00:00
8540,5978,07:00:00
8541,8718,07:00:00
8542,5230,07:00:00
8543,8403,23:42:00
8544,4209,21:00:00
8545,9696,23:42:00
8546,5447,15:34:00
8547,5210,22:30:00
8548,4615,22:15:00
8549,332,21:00:00
8550,7043,08:42:00
8551,2675,22:30:00
8552,9810,22:15:00
8553,4107,21:00:00
8554,6362,15:00:00
8555,5194,15:30:00
8556,6330,06:00:00
8557,150,15:34:00
8558,5968,08:42:00
8559,594,06:00:00
8560,2217,14:15:00
8561,8114,22:30:00
8562,8443,07:00:00
8563,826,14:00:00
8564,3221,22:15:00
8565,2039,23:42:00
8566,9018,15:00:00
8567,8599,23:42:00
8568,2556,08:42:00
8569,4883,22:15:00
8570,1228,14:15:00
8571,1615,07:30:00
8572,123,07:00:00
8573,8653,22:15:00
8574,6184,15:00:00
8575,2171,14:15:00
8576,8230,22:30:00
8577,2802,06:15:00
8578,5575,22:30:00
8579,2443,14:00:00
8580,7570,15:30:00
8581,7540,08:42:00
8582,8278,21:00:00
8583,8907,21:00:00
8584,7556,06:00:00
8585,3678,15:30:00
8586,6111,15:30:00
8587,6763,14:15:00
8588,9199,21:00:00
8589,6722,21:00:00
8590,5141,21:00:00
8591,6829,23:42:00
8592,3213,21:00:00
8593,9729,07:00:00
8594,5610,15:30:00
8595,3706,22:30:00
8596,7563,15:30:00
8597,2763,22:15:00
8598,366,06:00:00
8599,2517,15:30:00
8600,3035,15:34:00
8601,5804,07:00:00
8602,7626,15:30:00
8603,7849,14:00:00
8604,130,21:00:00
8605,5835,14:15:00
8606,9878,14:00:00
8607,8859,14:00:00
8608,1472,21:00:00
8609,9306,21:00:00
8610,6181,15:00:00
8611,5923,22:15:00
8612,602,07:00:00
8613,4332,21:00:00
8614,121,07:00:00
8615,9653,08:42:00
8616,2818,06:15:00
8617,7332,15:30:00
8618,1471,21:00:00
8619,5416,21:00:00
8620,4676,21:00:00
8621,6765,15:30:00
8622,312,14:15:00
8623,6439,21:00:00
8624,3380,15:00:00
8625,654,15:30:00
8626,1358,06:00:00
8627,585,21:00:00
8628,1631,21:00:00
8629,1712,15:34:00
8630,1641,14:00:00
8631,5120,06:15:00
8632,1185,06:15:00
8633,2396,15:34:00
8634,4663,15:34:00
8635,3150,15:30:00
8636,3337,22:15:00
8637,9706,15:00:00
8638,9153,15:34:00
8639,7312,21:00:00
8640,8839,06:00:00
8641,6737,06:00:00
8642,5216,21:00:00
8643,8527,22:30:00
8644,6697,23:42:00
8645,677,15:34:00
8646,5584,06:15:00
8647,9796,15:34:00
8648,3430,07:00:00
8649,4594,15:34:00
8650,6480,08:42:00
8651,5857,07:00:00
8652,1749,07:00:00
8653,7824,22:30:00
8654,4718,07:00:00
8655,7112,21:00:00
8656,12,21:00:00
8657,926,08:42:00
8658,5013,23:42:00
8659,9103,14:00:00
8660,2398,06:00:00
8661,268,23:42:00
8662,5742,07:30:00
8663,4047,08:42:00
8664,954,07:00:00
8665,9658,06:00:00
8666,985,15:34:00
8667,8064,14:00:00
8668,1082,14:15:00
8669,8046,07:30:00
8670,8298,15:00:00
8671,7494,06:00:00
8672,1919,21:00:00
8673,8366,23:42:00
8674,9824,08:42:00
8675,6805,06:15:00
8676,5358,21:00:00
8677,2628,08:42:00
8678,9409,14:15:00
8679,2566,22:15:00
8680,4025,15:34:00
8681,1128,07:30:00
8682,7225,15:30:00
8683,4547,14:15:00
8684,6244,14:15:00
8685,8254,15:34:00
8686,9315,14:00:00
8687,7196,22:15:00
8688,647,14:15:00
8689,6558,23:42:00
8690,3525,15:30:00
8691,1886,14:15:00
8692,1490,06:00:00
8693,6417,15:30:00
8694,1208,15:00:00
8695,9350,06:00:00
8696,1601,21:00:00
8697,9402,22:30:00
8698,2079,21:00:00
8699,733,08:42:00
8700,2478,22:15:00
8701,8188,14:00:00
8702,7045,07:30:00
8703,2099,23:42:00
8704,1167,06:15:00
8705,4081,07:00:00
8706,7293,21:00:00
8707,7820,07:30:00
8708,1995,21:00:00
8709,5671,14:00:00
8710,5042,14:15:00
8711,1477,21:00:00
8712,2963,15:00:00
8713,1539,15:30:00
8714,785,06:00:00
8715,4888,15:00:00
8716,6803,21:00:00
8717,3959,14:15:00
8718,9631,06:00:00
8719,6685,06:15:00
8720,4165,22:15:00
8721,3404,07:30:00
8722,2192,21:00:00
8723,8142,07:00:00
8724,9086,23:42:00
8725,2153,14:15:00
8726,9785,08:42:00
8727,2023,08:42:00
8728,2422,06:15:00
8729,5374,08:42:00
8730,4929,07:00:00
8731,7937,06:15:00
8732,4173,07:30:00
8733,2480,21:00:00
8734,7093,07:00:00
8735,4975,15:30:00
8736,481,06:15:00
8737,590,15:34:00
8738,436,07:30:00
8739,1853,14:15:00
8740,822,15:30:00
8741,142,06:15:00
8742,2537,23:42:00
8743,862,15:34:00
8744,17,22:15:00
8745,6649,06:15:00
8746,7588,23:42:00
8747,6075,14:00:00
8748,4378,23:42:00
8749,5196,21:00:00
8750,1661,23:42:00
8751,6620,15:00:00
8752,6721,22:15:00
8753,2563,07:00:00
8754,8640,15:34:00
8755,6445,21:00:00
8756,5890,21:00:00
8757,7862,14:00:00
8758,1298,08:42:00
8759,8079,14:00:00
8760,176,22:15:00
8761,8946,15:34:00
8762,1335,22:15:00
8763,7409,15:30:00
8764,108,07:00:00
8765,266,22:30:00
8766,1182,23:42:00
8767,2930,21:00:00
8768,2244,15:34:00
8769,6172,06:00:00
8770,5237,22:30:00
8771,9014,15:34:00
8772,3836,15:34:00
8773,6557,15:00:00
8774,1447,06:00:00
8775,4528,21:00:00
8776,6671,14:15:00
8777,5051,21:00:00
8778,5252,15:30:00
8779,3924,15:34:00
8780,9543,07:00:00
8781,2462,07:30:00
8782,9441,22:15:00
8783,8576,06:15:00
8784,9344,21:00:00
8785,3069,21:00:00
8786,9267,15:00:00
8787,2605,22:15:00
8788,48,15:00:00
8789,746,06:00:00
8790,3799,15:34:00
8791,6324,06:15:00
8792,3740,15:00:00
8793,3013,14:00:00
8794,8959,22:15:00
8795,9208,14:15:00
8796,3255,06:00:00
8797,8553,22:30:00
8798,8611,07:00:00
8799,1060,08:42:00
8800,1956,14:15:00
8801,8151,15:30:00
8802,5495,14:00:00
8803,2867,07:00:00
8804,7939,23:42:00
8805,8774,08:42:00
8806,4012,21:00:00
8807,9384,14:15:00
8808,2823,07:30:00
8809,900,07:30:00
8810,7856,08:42:00
8811,7886,07:30:00
8812,7871,07:30:00
8813,9181,21:00:00
8814,1921,08:42:00
8815,4469,15:00:00
8816,4727,15:00:00
8817,4532,06:15:00
8818,5350,21:00:00
8819,328,15:00:00
8820,2469,07:30:00
8821,2820,14:15:00
8822,2030,21:00:00
8823,7979,06:15:00
8824,4558,07:30:00
8825,452,23:42:00
8826,6072,07:30:00
8827,7504,08:42:00
8828,1401,07:00:00
8829,6629,14:15:00
8830,3513,22:30:00
8831,3424,15:30:00
8832,9004,15:30:00
8833,2661,07:00:00
8834,3958,15:00:00
8835,3180,08:42:00
8836,3864,15:34:00
8837,5134,21:00:00
8838,1614,15:30:00
8839,3577,22:30:00
8840,8867,06:15:00
8841,7467,22:15:00
8842,5524,23:42:00
8843,1163,08:42:00
8844,3006,15:30:00
8845,3549,21:00:00
8846,8962,21:00:00
8847,6587,22:15:00
8848,6666,23:42:00
8849,6069,06:00:00
8850,6243,14:00:00
8851,5469,21:00:00
8852,5532,21:00:00
8853,4106,08:42:00
8854,8615,22:15:00
8855,4721,07:00:00
8856,6018,14:00:00
8857,9237,15:00:00
8858,4903,15:34:00
8859,8545,06:00:00
8860,3200,15:30:00
8861,3421,14:00:00
8862,2306,06:15:00
8863,2510,14:15:00
8864,3948,15:30:00
8865,6835,15:30:00
8866,6718,15:34:00
8867,9987,15:30:00
8868,6209,06:00:00
8869,423,14:00:00
8870,3311,07:00:00
8871,2041,06:15:00
8872,5943,06:15:00
8873,1192,15:00:00
8874,7712,15:30:00
8875,8178,06:00:00
8876,2817,07:30:00
8877,0,14:15:00
8878,6769,15:30:00
8879,6386,21:00:00
8880,576,15:30:00
8881,3562,14:15:00
8882,5967,21:00:00
8883,6436,22:30:00
8884,8676,15:30:00
8885,8332,21:00:00
8886,5703,23:42:00
8887,774,23:42:00
8888,2610,07:00:00
8889,9854,22:15:00
8890,3697,06:15:00
8891,7121,07:30:00
8892,8745,23:42:00
8893,3130,14:15:00
8894,2562,21:00:00
8895,5002,06:00:00
8896,1658,21:00:00
8897,6057,06:15:00
8898,5561,08:42:00
8899,2954,07:00:00
8900,3431,21:00:00
8901,9043,23:42:00
8902,1315,07:00:00
8903,2684,07:30:00
8904,9552,07:30:00
8905,272,22:15:00
8906,2364,15:34:00
8907,6080,21:00:00
8908,8233,23:42:00
8909,3614,07:30:00
8910,5428,14:00:00
8911,6866,21:00:00
8912,4277,14:15:00
8913,6041,23:42:00
8914,4705,22:30:00
8915,7970,08:42:00
8916,19,21:00:00
8917,2161,14:00:00
8918,1648,15:30:00
8919,6659,22:15:00
8920,7351,07:00:00
8921,5586,14:15:00
8922,6684,21:00:00
8923,8556,22:30:00
8924,2501,14:00:00
8925,3844,14:15:00
8926,2418,06:15:00
8927,1221,15:00:00
8928,5528,22:15:00
8929,2762,06:00:00
8930,3834,14:00:00
8931,3638,06:15:00
8932,2852,21:00:00
8933,8557,21:00:00
8934,3962,15:30:00
8935,5950,06:15:00
8936,6744,06:15:00
8937,7077,21:00:00
8938,5863,21:00:00
8939,6358,14:00:00
8940,3769,22:15:00
8941,367,15:34:00
8942,7794,15:00:00
8943,4572,08:42:00
8944,2749,06:00:00
8945,1263,08:42:00
8946,7199,14:15:00
8947,4283,21:00:00
8948,5292,06:00:00
8949,5448,07:00:00
8950,2261,08:42:00
8951,6981,23:42:00
8952,9483,15:00:00
8953,5001,06:00:00
8954,4871,14:15:00
8955,3546,23:42:00
8956,1660,07:00:00
8957,3854,06:15:00
8958,4863,06:00:00
8959,1304,15:30:00
8960,8464,07:30:00
8961,8723,14:00:00
8962,6730,14:00:00
8963,7681,15:30:00
8964,4467,15:30:00
8965,3763,08:42:00
8966,2001,21:00:00
8967,5021,21:00:00
8968,1729,15:30:00
8969,355,07:00:00
8970,5377,15:34:00
8971,4505,07:00:00
8972,4953,23:42:00
8973,435,06:15:00
8974,3371,14:00:00
8975,3764,07:00:00
8976,438,06:15:00
8977,4740,08:42:00
8978,6320,15:30:00
8979,7509,15:30:00
8980,2122,15:00:00
8981,5756,15:00:00
8982,1429,15:00:00
8983,4755,21:00:00
8984,6088,14:00:00
8985,8851,23:42:00
8986,5558,15:30:00
8987,6279,06:15:00
8988,3859,15:00:00
8989,9253,22:30:00
8990,7089,15:00:00
8991,607,21:00:00
8992,1046,15:00:00
8993,1690,07:30:00
8994,9366,21:00:00
8995,3094,15:00:00
8996,201,23:42:00
8997,1423,15:34:00
8998,1585,23:42:00
8999,3403,21:00:00
9000,5869,14:15:00
9001,4049,15:30:00
9002,5068,23:42:00
9003,2952,14:00:00
9004,6499,15:00:00
9005,3789,06:00:00
9006,3778,22:15:00
9007,8547,15:00:00
9008,9620,07:00:00
9009,2681,15:30:00
9010,3122,06:00:00
9011,8361,22:15:00
9012,7319,14:15:00
9013,1184,06:15:00
9014,9913,06:00:00
9015,2031,15:30:00
9016,2561,07:00:00
9017,4268,07:00:00
9018,640,15:00:00
9019,7689,07:30:00
9020,1674,14:15:00
9021,7816,21:00:00
9022,6112,06:15:00
9023,8651,22:30:00
9024,8168,15:34:00
9025,5733,23:42:00
9026,6002,06:15:00
9027,3594,23:42:00
9028,7284,21:00:00
9029,8023,14:00:00
9030,6120,15:00:00
9031,5293,14:00:00
9032,9871,22:15:00
9033,6412,21:00:00
9034,4072,22:30:00
9035,791,15:30:00
9036,6334,15:30:00
9037,4426,23:42:00
9038,2319,06:00:00
9039,8868,06:00:00
9040,6082,06:00:00
9041,8431,21:00:00
9042,5954,07:30:00
9043,9980,15:30:00
9044,2865,07:30:00
9045,8731,07:00:00
9046,945,06:00:00
9047,7331,14:15:00
9048,5247,23:42:00
9049,2759,15:00:00
9050,1378,15:00:00
9051,1669,22:30:00
9052,5169,22:15:00
9053,870,23:42:00
9054,1274,22:30:00
9055,1851,23:42:00
9056,4778,06:00:00
9057,5720,21:00:00
9058,8420,14:15:00
9059,8648,22:15:00
9060,3502,15:34:00
9061,2227,14:15:00
9062,5289,15:30:00
9063,6667,06:00:00
9064,3929,23:42:00
9065,7453,07:30:00
9066,7571,06:00:00
9067,734,14:15:00
9068,2242,23:42:00
9069,6147,07:00:00
9070,8933,07:30:00
9071,2888,21:00:00
9072,1695,14:15:00
9073,6741,15:30:00
9074,5979,22:30:00
9075,4994,22:15:00
9076,8087,21:00:00
9077,1938,06:15:00
9078,7230,21:00:00
9079,5962,21:00:00
9080,5753,23:42:00
9081,5046,15:34:00
9082,352,07:30:00
9083,2356,15:34:00
9084,3163,22:15:00
9085,4493,22:15:00
9086,5361,08:42:00
9087,2051,21:00:00
9088,9269,06:00:00
9089,9100,07:00:00
9090,1416,06:15:00
9091,90,22:15:00
9092,6622,23:42:00
9093,6304,14:15:00
9094,4561,21:00:00
9095,7057,21:00:00
9096,5846,15:30:00
9097,5096,22:30:00
9098,9133,15:34:00
9099,6850,22:30:00
9100,2440,21:00:00
9101,7015,06:15:00
9102,4665,14:15:00
9103,6394,21:00:00
9104,6029,08:42:00
9105,7097,07:00:00
9106,8970,22:15:00
9107,5182,06:00:00
9108,4305,07:30:00
9109,73,08:42:00
9110,3414,15:34:00
9111,3505,22:15:00
9112,1444,22:30:00
9113,7908,07:00:00
9114,8663,06:15:00
9115,2485,07:30:00
9116,3377,07:30:00
9117,3118,07:00:00
9118,3197,15:00:00
9119,1283,06:00:00
9120,8551,15:30:00
9121,4366,23:42:00
9122,1763,15:34:00
9123,9748,06:15:00
9124,106,07:00:00
9125,7902,22:30:00
9126,2652,15:30:00
9127,583,22:30:00
9128,5588,23:42:00
9129,432,15:34:00
9130,6205,07:00:00
9131,5883,06:00:00
9132,1735,06:00:00
9133,6487,21:00:00
9134,6246,21:00:00
9135,1730,21:00:00
9136,7457,07:30:00
9137,284,15:34:00
9138,2782,15:34:00
9139,9374,08:42:00
9140,3379,14:00:00
9141,4164,07:00:00
9142,7074,21:00:00
9143,2207,21:00:00
9144,9853,07:00:00
9145,3223,15:00:00
9146,5324,22:30:00
9147,8404,06:00:00
9148,2599,08:42:00
9149,5659,07:30:00
9150,9899,21:00:00
9151,1214,14:15:00
9152,3098,06:15:00
9153,1306,15:30:00
9154,2285,23:42:00
9155,8544,21:00:00
9156,2596,22:15:00
9157,7202,06:15:00
9158,5902,23:42:00
9159,8005,23:42:00
9160,7478,06:15:00
9161,4552,15:30:00
9162,670,14:15:00
9163,6133,14:00:00
9164,5645,06:15:00
9165,1692,22:30:00
9166,1507,23:42:00
9167,8604,15:00:00
9168,9022,14:00:00
9169,5643,22:15:00
9170,6691,15:00:00
9171,4891,14:00:00
9172,2259,06:15:00
9173,1777,14:15:00
9174,2924,06:15:00
9175,2317,07:30:00
9176,2644,21:00:00
9177,7259,07:00:00
9178,1978,15:34:00
9179,5151,06:00:00
9180,7669,06:15:00
9181,1531,08:42:00
9182,4148,22:15:00
9183,8613,22:30:00
9184,1731,07:00:00
9185,536,15:30:00
9186,5394,21:00:00
9187,8089,21:00:00
9188,9542,07:30:00
9189,7943,15:00:00
9190,4507,15:34:00
9191,8499,21:00:00
9192,9885,23:42:00
9193,8371,23:42:00
9194,5795,23:42:00
9195,5809,21:00:00
9196,9978,07:30:00
9197,8824,22:15:00
9198,6768,15:30:00
9199,7946,21:00:00
9200,7149,21:00:00
9201,1514,15:30:00
9202,407,06:15:00
9203,5653,23:42:00
9204,8408,07:00:00
9205,3980,23:42:00
9206,7594,21:00:00
9207,2323,06:15:00
9208,7406,15:34:00
9209,9650,07:30:00
9210,9591,15:34:00
9211,786,22:15:00
9212,3247,14:15:00
9213,765,07:30:00
9214,3196,22:15:00
9215,4812,21:00:00
9216,3872,15:00:00
9217,9008,14:15:00
9218,1645,22:15:00
9219,2573,15:30:00
9220,6282,22:30:00
9221,5300,22:30:00
9222,8128,07:30:00
9223,7850,14:15:00
9224,3984,06:15:00
9225,8558,14:15:00
9226,9092,15:34:00
9227,8606,06:00:00
9228,255,15:00:00
9229,2734,21:00:00
9230,1281,06:00:00
9231,4542,06:00:00
9232,5363,22:30:00
9233,1939,06:00:00
9234,9792,14:15:00
9235,7431,06:15:00
9236,5639,07:30:00
9237,1068,15:30:00
9238,81,15:34:00
9239,3539,07:00:00
9240,4097,21:00:00
9241,205,06:00:00
9242,6848,06:00:00
9243,8486,14:00:00
9244,5261,14:00:00
9245,5552,07:30:00
9246,9465,14:15:00
9247,9425,23:42:00
9248,9338,21:00:00
9249,1050,15:34:00
9250,6773,07:00:00
9251,5221,06:15:00
9252,4390,07:00:00
9253,7101,15:34:00
9254,8725,06:15:00
9255,4438,14:00:00
9256,8106,21:00:00
9257,1174,14:15:00
9258,8667,22:30:00
9259,7621,22:15:00
9260,1036,15:30:00
9261,5660,15:34:00
9262,636,15:34:00
9263,5751,22:15:00
9264,9304,21:00:00
9265,1051,08:42:00
9266,3023,14:15:00
9267,916,08:42:00
9268,4051,15:30:00
9269,4077,22:30:00
9270,2747,23:42:00
9271,7991,22:15:00
9272,5719,07:00:00
9273,7201,06:15:00
9274,3273,14:15:00
9275,291,08:42:00
9276,7530,14:15:00
9277,8344,23:42:00
9278,2815,15:30:00
9279,4570,15:00:00
9280,9386,22:30:00
9281,9359,14:00:00
9282,1183,22:15:00
9283,1831,07:30:00
9284,2526,06:00:00
9285,9550,23:42:00
9286,5716,06:15:00
9287,5655,07:30:00
9288,133,07:30:00
9289,249,07:30:00
9290,7511,14:15:00
9291,948,21:00:00
9292,3475,15:00:00
9293,9718,14:00:00
9294,8603,15:34:00
9295,7094,21:00:00
9296,4260,14:15:00
9297,2705,06:00:00
9298,1375,08:42:00
9299,3201,22:15:00
9300,897,15:30:00
9301,4359,06:15:00
9302,5713,21:00:00
9303,5246,15:30:00
9304,5104,15:00:00
9305,4592,06:15:00
9306,6819,22:15:00
9307,2974,21:00:00
9308,8083,14:15:00
9309,8804,14:15:00
9310,5546,21:00:00
9311,4417,21:00:00
9312,6958,06:15:00
9313,2180,07:30:00
9314,8134,15:30:00
9315,470,22:30:00
9316,2183,07:30:00
9317,471,14:00:00
9318,2463,14:15:00
9319,6840,07:00:00
9320,9989,14:00:00
9321,9628,14:00:00
9322,1255,08:42:00
9323,7142,14:00:00
9324,53,21:00:00
9325,8767,14:15:00
9326,8805,08:42:00
9327,4826,21:00:00
9328,3784,23:42:00
9329,6395,07:30:00
9330,5450,23:42:00
9331,1370,06:00:00
9332,8369,07:00:00
9333,4285,07:30:00
9334,3970,23:42:00
9335,6804,07:00:00
9336,1075,15:00:00
9337,1927,21:00:00
9338,5320,22:30:00
9339,5478,07:30:00
9340,7151,06:15:00
9341,8673,21:00:00
9342,76,08:42:00
9343,3759,15:00:00
9344,5839,07:30:00
9345,6251,15:00:00
9346,5915,07:00:00
9347,4162,21:00:00
9348,8186,21:00:00
9349,6892,08:42:00
9350,6797,15:30:00
9351,4302,14:00:00
9352,797,22:15:00
9353,2679,21:00:00
9354,4771,23:42:00
9355,4420,15:00:00
9356,9708,21:00:00
9357,2293,23:42:00
9358,8809,07:00:00
9359,7152,22:30:00
9360,8476,06:00:00
9361,8204,06:15:00
9362,9021,23:42:00
9363,3392,06:15:00
9364,530,22:30:00
9365,3235,06:00:00
9366,9019,14:15:00
9367,8107,15:30:00
9368,3199,22:15:00
9369,5590,15:00:00
9370,668,22:15:00
9371,6404,14:15:00
9372,4345,21:00:00
9373,2096,23:42:00
9374,714,06:00:00
9375,1198,15:30:00
9376,6854,21:00:00
9377,3826,21:00:00
9378,7531,07:30:00
9379,2110,06:00:00
9380,240,22:15:00
9381,7812,06:00:00
9382,5271,21:00:00
9383,919,07:00:00
9384,3925,21:00:00
9385,5640,14:00:00
9386,5858,06:00:00
9387,8354,23:42:00
9388,3237,21:00:00
9389,622,21:00:00
9390,416,07:30:00
9391,1842,14:15:00
9392,3340,14:15:00
9393,5825,06:15:00
9394,3358,07:30:00
9395,7892,22:30:00
9396,6735,22:15:00
9397,1285,14:15:00
9398,370,22:15:00
9399,7108,08:42:00
9400,996,06:15:00
9401,4371,06:15:00
9402,5333,15:34:00
9403,9499,21:00:00
9404,5465,14:15:00
9405,9360,23:42:00
9406,1873,22:15:00
9407,3454,22:15:00
9408,5737,22:30:00
9409,3288,15:34:00
9410,8146,07:30:00
9411,7110,08:42:00
9412,6752,15:34:00
9413,8444,08:42:00
9414,9305,15:34:00
9415,8704,15:34:00
9416,4954,15:00:00
9417,4297,15:34:00
9418,2682,15:00:00
9419,6021,22:15:00
9420,9506,15:30:00
9421,165,23:42:00
9422,9389,14:15:00
9423,9659,07:30:00
9424,3587,08:42:00
9425,852,08:42:00
9426,5148,08:42:00
9427,290,14:15:00
9428,4263,06:15:00
9429,8573,07:30:00
9430,7639,21:00:00
9431,3733,08:42:00
9432,1573,06:00:00
9433,2457,07:30:00
9434,3012,06:15:00
9435,3254,08:42:00
9436,8164,21:00:00
9437,613,07:30:00
9438,252,23:42:00
9439,2544,08:42:00
9440,2272,14:15:00
9441,9804,23:42:00
9442,8167,14:15:00
9443,1362,15:34:00
9444,7126,22:30:00
9445,3326,06:15:00
9446,9962,14:00:00
9447,1397,08:42:00
9448,4714,21:00:00
9449,6391,22:30:00
9450,3305,23:42:00
9451,5270,21:00:00
9452,1242,21:00:00
9453,4955,08:42:00
9454,5255,22:30:00
9455,8202,08:42:00
9456,4948,14:15:00
9457,5489,23:42:00
9458,8394,22:30:00
9459,3253,15:00:00
9460,5303,07:00:00
9461,4817,21:00:00
9462,1267,07:00:00
9463,3990,15:30:00
9464,8968,21:00:00
9465,8133,15:00:00
9466,4416,15:00:00
9467,4728,14:00:00
9468,7304,14:00:00
9469,5239,15:34:00
9470,6310,06:00:00
9471,1529,14:15:00
9472,9456,21:00:00
9473,2489,22:30:00
9474,4448,06:15:00
9475,8504,14:00:00
9476,6099,14:00:00
9477,8016,08:42:00
9478,5123,15:30:00
9479,4000,14:15:00
9480,5281,15:00:00
9481,2864,14:15:00
9482,8967,15:34:00
9483,4774,07:00:00
9484,9637,06:15:00
9485,823,06:00:00
9486,4686,06:15:00
9487,7587,15:34:00
9488,4539,23:42:00
9489,156,15:00:00
9490,2602,22:15:00
9491,8668,15:30:00
9492,5697,07:00:00
9493,7452,06:00:00
9494,2503,15:30:00
9495,3049,21:00:00
9496,4796,08:42:00
9497,7405,08:42:00
9498,6332,06:00:00
9499,9035,21:00:00
9500,5010,06:15:00
9501,4544,08:42:00
9502,2070,14:15:00
9503,8790,23:42:00
9504,3170,22:15:00
9505,7216,21:00:00
9506,8537,15:00:00
9507,705,06:15:00
9508,7122,22:15:00
9509,8629,07:30:00
9510,6560,22:30:00
9511,2068,14:15:00
9512,4853,14:15:00
9513,1846,21:00:00
9514,8430,15:34:00
9515,152,07:30:00
9516,795,22:30:00
9517,1498,14:15:00
9518,7963,07:00:00
9519,1006,07:30:00
9520,6168,23:42:00
9521,5090,06:15:00
9522,8373,14:15:00
9523,818,07:00:00
9524,2387,06:00:00
9525,1251,07:00:00
9526,592,15:30:00
9527,2656,06:15:00
9528,8934,06:15:00
9529,8125,14:00:00
9530,3710,07:30:00
9531,231,15:34:00
9532,4199,21:00:00
9533,8316,21:00:00
9534,8513,14:00:00
9535,5983,08:42:00
9536,8229,22:30:00
9537,2772,23:42:00
9538,6027,15:30:00
9539,1574,21:00:00
9540,5999,15:30:00
9541,3790,07:30:00
9542,3334,22:30:00
9543,500,14:00:00
9544,2201,07:00:00
9545,6787,07:30:00
9546,5859,07:00:00
9547,4353,22:30:00
9548,7194,21:00:00
9549,1974,21:00:00
9550,9158,22:30:00
9551,8293,08:42:00
9552,47,22:30:00
9553,1824,22:30:00
9554,9830,21:00:00
9555,4970,14:15:00
9556,5615,21:00:00
9557,7000,14:15:00
9558,6692,23:42:00
9559,6429,21:00:00
9560,9743,15:30:00
9561,5926,22:30:00
9562,1635,22:15:00
9563,8326,15:00:00
9564,9114,15:00:00
9565,1511,15:30:00
9566,2519,06:00:00
9567,4787,21:00:00
9568,5006,21:00:00
9569,9995,14:15:00
9570,7815,07:00:00
9571,2515,22:30:00
9572,639,06:00:00
9573,7477,15:34:00
9574,917,15:34:00
9575,5488,21:00:00
9576,2018,23:42:00
9577,4748,22:30:00
9578,6793,15:30:00
9579,2401,23:42:00
9580,2034,06:15:00
9581,6990,22:30:00
9582,9685,15:30:00
9583,2420,21:00:00
9584,1720,08:42:00
9585,8405,07:00:00
9586,6047,14:15:00
9587,8368,22:30:00
9588,2564,21:00:00
9589,5044,21:00:00
9590,2430,15:30:00
9591,229,15:00:00
9592,8136,15:34:00
9593,8705,21:00:00
9594,1907,14:15:00
9595,3259,15:00:00
9596,6896,15:00:00
9597,8625,14:15:00
9598,5975,07:30:00
9599,6540,14:15:00
9600,3496,08:42:00
9601,7192,07:30:00
9602,5355,22:15:00
9603,8831,15:00:00
9604,3613,14:00:00
9605,5598,08:42:00
9606,96,22:15:00
9607,9303,07:00:00
9608,6717,22:15:00
9609,2689,22:30:00
9610,7503,23:42:00
9611,3916,08:42:00
9612,7208,15:30:00
9613,2638,22:15:00
9614,7741,23:42:00
9615,4581,08:42:00
9616,527,07:30:00
9617,7900,21:00:00
9618,9161,22:30:00
9619,2949,07:30:00
9620,8353,14:15:00
9621,1628,14:00:00
9622,8006,23:42:00
9623,4054,07:00:00
9624,8507,15:34:00
9625,9901,14:00:00
9626,7750,14:15:00
9627,8681,06:15:00
9628,7067,15:00:00
9629,4237,21:00:00
9630,7595,06:00:00
9631,4852,21:00:00
9632,3837,23:42:00
9633,9422,06:00:00
9634,5784,23:42:00
9635,863,06:15:00
9636,1269,06:15:00
9637,7911,07:30:00
9638,4023,15:34:00
9639,5119,15:00:00
9640,5280,15:00:00
9641,7807,23:42:00
9642,1021,06:00:00
9643,6014,22:15:00
9644,8282,06:00:00
9645,5785,06:00:00
9646,4376,07:00:00
9647,8177,15:34:00
9648,5437,22:30:00
9649,7069,14:15:00
9650,7244,21:00:00
9651,1993,14:00:00
9652,243,14:00:00
9653,2435,15:34:00
9654,1838,06:15:00
9655,3056,22:30:00
9656,5299,15:34:00
9657,275,21:00:00
9658,5301,08:42:00
9659,7735,15:00:00
9660,3459,08:42:00
9661,3765,21:00:00
9662,9959,15:30:00
9663,6902,15:30:00
9664,5274,21:00:00
9665,4392,23:42:00
9666,7805,15:30:00
9667,7111,07:00:00
9668,2761,15:30:00
9669,2542,07:00:00
9670,7353,15:00:00
9671,6996,15:00:00
9672,4697,15:34:00
9673,3108,15:30:00
9674,3143,07:00:00
9675,1990,21:00:00
9676,3315,23:42:00
9677,6827,23:42:00
9678,4942,21:00:00
9679,304,21:00:00
9680,9657,14:15:00
9681,7501,15:30:00
9682,7801,06:15:00
9683,883,07:30:00
9684,7282,15:34:00
9685,5040,21:00:00
9686,5041,15:00:00
9687,3804,14:00:00
9688,3232,15:30:00
9689,4340,21:00:00
9690,6043,15:00:00
9691,9469,23:42:00
9692,1414,14:00:00
9693,7252,08:42:00
9694,9574,14:15:00
9695,1953,15:34:00
9696,2925,21:00:00
9697,7534,14:15:00
9698,6203,07:30:00
9699,2800,22:30:00
9700,6473,08:42:00
9701,3003,15:00:00
9702,5630,22:15:00
9703,8873,22:15:00
9704,187,14:15:00
9705,7020,22:30:00
9706,9262,15:00:00
9707,6610,15:00:00
9708,4867,21:00:00
9709,3458,15:34:00
9710,9221,06:15:00
9711,8400,23:42:00
9712,5070,15:00:00
9713,7691,21:00:00
9714,8538,14:00:00
9715,2389,21:00:00
9716,2027,14:15:00
9717,8358,14:15:00
9718,2833,14:00:00
9719,6891,06:00:00
9720,9933,22:30:00
9721,798,08:42:00
9722,9829,21:00:00
9723,3184,14:15:00
9724,233,22:15:00
9725,6448,15:34:00
9726,9775,08:42:00
9727,784,08:42:00
9728,2423,15:30:00
9729,2169,06:15:00
9730,7838,15:00:00
9731,359,14:15:00
9732,5921,14:15:00
9733,9977,06:00:00
9734,2773,21:00:00
9735,3541,15:30:00
9736,286,23:42:00
9737,5898,22:30:00
9738,1017,06:00:00
9739,2055,07:00:00
9740,9679,15:30:00
9741,7461,23:42:00
9742,5143,15:34:00
9743,2506,15:00:00
9744,4264,14:15:00
9745,718,07:00:00
9746,4105,22:15:00
9747,4919,14:00:00
9748,6170,15:34:00
9749,7460,15:00:00
9750,3073,07:30:00
9751,4005,06:00:00
9752,101,06:15:00
9753,1055,15:00:00
9754,1836,15:34:00
9755,3976,14:00:00
9756,1109,06:00:00
9757,5684,15:00:00
9758,4001,15:34:00
9759,1540,06:00:00
9760,894,14:00:00
9761,524,23:42:00
9762,3450,07:00:00
9763,7054,22:15:00
9764,7938,22:15:00
9765,1171,14:00:00
9766,339,06:00:00
9767,4180,14:15:00
9768,3422,23:42:00
9769,2312,15:30:00
9770,5236,22:30:00
9771,522,14:15:00
9772,1664,22:15:00
9773,6874,06:00:00
9774,5367,15:30:00
9775,6867,21:00:00
9776,3095,23:42:00
9777,9900,15:34:00
9778,5691,06:00:00
9779,6242,22:15:00
9780,9484,07:30:00
9781,7195,22:30:00
9782,6190,14:00:00
9783,8689,06:00:00
9784,5079,23:42:00
9785,7625,14:15:00
9786,5569,06:00:00
9787,2887,06:15:00
9788,4827,06:00:00
9789,6595,06:00:00
9790,9505,15:34:00
9791,6146,06:00:00
9792,8367,06:00:00
9793,6163,07:00:00
9794,7104,15:34:00
9795,7254,06:00:00
9796,950,07:30:00
9797,7322,08:42:00
9798,3193,14:15:00
9799,562,15:30:00
9800,3516,22:15:00
9801,3777,07:30:00
9802,6097,08:42:00
9803,8385,15:34:00
9804,4573,06:00:00
9805,6809,15:34:00
9806,2346,23:42:00
9807,7910,21:00:00
9808,1747,15:00:00
9809,2399,15:00:00
9810,4091,06:00:00
9811,4767,07:00:00
9812,1418,15:34:00
9813,4835,15:00:00
9814,7835,22:15:00
9815,6503,15:00:00
9816,3624,22:30:00
9817,2141,07:30:00
9818,6296,07:00:00
9819,1706,15:34:00
9820,8036,21:00:00
9821,6421,23:42:00
9822,4711,08:42:00
9823,8578,15:00:00
9824,8586,06:00:00
9825,885,07:30:00
9826,1126,14:00:00
9827,8033,15:00:00
9828,3212,06:15:00
9829,5885,15:00:00
9830,865,06:15:00
9831,5651,22:15:00
9832,6906,23:42:00
9833,2632,14:15:00
9834,5082,07:30:00
9835,1988,07:00:00
9836,1458,07:30:00
9837,3946,07:00:00
9838,6469,22:30:00
9839,4574,15:30:00
9840,1303,21:00:00
9841,1521,08:42:00
9842,5945,21:00:00
9843,277,06:00:00
9844,5455,07:00:00
9845,6596,22:15:00
9846,7802,08:42:00
9847,6218,07:00:00
9848,6338,15:30:00
9849,634,15:00:00
9850,1461,21:00:00
9851,3651,06:15:00
9852,1761,07:00:00
9853,782,06:00:00
9854,5383,22:30:00
9855,9044,14:00:00
9856,7699,15:00:00
9857,3881,22:15:00
9858,5380,21:00:00
9859,5291,21:00:00
9860,7010,15:00:00
9861,9376,23:42:00
9862,1696,22:30:00
9863,2560,06:00:00
9864,8065,21:00:00
9865,8921,06:00:00
9866,1813,21:00:00
9867,6115,23:42:00
9868,9182,23:42:00
9869,1329,22:30:00
9870,2897,07:00:00
9871,1324,14:00:00
9872,2495,06:15:00
9873,2168,21:00:00
9874,8736,21:00:00
9875,6580,07:30:00
9876,9845,21:00:00
9877,4274,22:15:00
9878,6187,15:00:00
9879,9895,23:42:00
9880,5402,21:00:00
9881,3209,21:00:00
9882,5357,21:00:00
9883,2998,08:42:00
9884,7424,21:00:00
9885,2324,21:00:00
9886,6636,15:30:00
9887,8104,22:15:00
9888,6306,15:34:00
9889,347,07:00:00
9890,8492,15:34:00
9891,6531,07:30:00
9892,975,06:00:00
9893,2290,22:15:00
9894,1454,08:42:00
9895,5896,14:00:00
9896,5308,06:15:00
9897,1170,21:00:00
9898,2497,06:15:00
9899,9308,23:42:00
9900,1806,22:15:00
9901,4752,06:00:00
9902,162,14:15:00
9903,5748,14:15:00
9904,4497,06:15:00
9905,3225,15:00:00
9906,5336,23:42:00
9907,3162,21:00:00
9908,6663,15:00:00
9909,4089,23:42:00
9910,6135,23:42:00
9911,6860,23:42:00
9912,4569,14:15:00
9913,8147,08:42:00
9914,6605,08:42:00
9915,5709,07:00:00
9916,3125,21:00:00
9917,8352,22:15:00
9918,3868,21:00:00
9919,5868,07:30:00
9920,1790,06:15:00
9921,4731,21:00:00
9922,9667,23:42:00
9923,1254,22:30:00
9924,303,14:00:00
9925,1019,08:42:00
9926,9431,06:00:00
9927,7962,06:00:00
9928,9460,15:00:00
9929,3862,21:00:00
9930,8078,08:42:00
9931,8581,07:00:00
9932,9056,07:00:00
9933,876,21:00:00
9934,5269,08:42:00
9935,9811,06:15:00
9936,408,23:42:00
9937,6645,14:15:00
9938,8355,22:15:00
9939,5560,06:15:00
9940,5285,21:00:00
9941,1704,15:30:00
9942,1248,21:00:00
9943,3011,22:30:00
9944,4290,06:00:00
9945,256,21:00:00
9946,5322,07:30:00
9947,9501,06:00:00
9948,7485,08:42:00
9949,1098,06:00:00
9950,2990,22:30:00
9951,8170,07:30:00
9952,7438,06:15:00
9953,4625,07:30:00
9954,4013,23:42:00
9955,2117,22:30:00
9956,5715,14:15:00
9957,8785,15:34:00
9958,3696,15:30:00
9959,6297,15:34:00
9960,1985,15:34:00
9961,1300,06:00:00
9962,8781,14:15:00
9963,6913,22:30:00
9964,2046,23:42:00
9965,7893,06:00:00
9966,3089,14:15:00
9967,7872,22:30:00
9968,9558,15:30:00
9969,4343,08:42:00
9970,8299,14:00:00
9971,7183,07:00:00
9972,7249,14:00:00
9973,4555,21:00:00
9974,7392,23:42:00
9975,6345,15:30:00
9976,7481,06:15:00
9977,6373,15:30:00
9978,3501,15:34:00
9979,6767,22:15:00
9980,1091,23:42:00
9981,642,14:00:00
9982,7648,07:00:00
9983,2975,07:00:00
9984,4330,15:30:00
9985,3343,15:34:00
9986,5855,08:42:00
9987,2840,22:15:00
9988,7051,08:42:00
9989,8073,15:30:00
9990,8351,22:30:00
9991,6588,23:42:00
9992,6888,07:00:00
9993,5344,15:34:00
9994,334,07:00:00
9995,6239,15:30:00
9996,7272,07:30:00
9997,7822,07:30:00
9998,7397,15:34:00
9999,2248,21:00:00
